File Name,LABEL
Negative/1.jpg,0
Negative/10.jpg,0
Positive/100.jpg,2
Neutral/1000.jpg,1
Positive/1001.jpg,2
Positive/1002.jpg,2
Negative/1003.jpg,0
Negative/1004.jpg,0
Neutral/1005.jpg,1
Negative/1006.jpg,0
Negative/1007.jpg,0
Negative/1008.jpg,0
Positive/1009.jpg,2
Negative/101.jpg,0
Negative/1010.jpg,0
Neutral/1011.jpg,1
Neutral/1012.jpg,1
Negative/1013.jpg,0
Negative/1014.jpg,0
Negative/1015.jpg,0
Neutral/1016.jpg,1
Neutral/1017.jpg,1
Positive/1018.jpg,2
Neutral/1019.jpg,1
Positive/102.jpg,2
Positive/1020.jpg,2
Neutral/1021.jpg,1
Neutral/1022.jpg,1
Positive/1023.jpg,2
Positive/1024.jpg,2
Neutral/1025.jpg,1
Neutral/1026.jpg,1
Neutral/1027.jpg,1
Neutral/1028.jpg,1
Positive/1029.jpg,2
Negative/103.jpg,0
Positive/1030.jpg,2
Positive/1031.jpg,2
Positive/1032.jpg,2
Positive/1033.jpg,2
Positive/1034.jpg,2
Positive/1035.jpg,2
Positive/1036.jpg,2
Positive/1037.jpg,2
Positive/1038.jpg,2
Positive/1039.jpg,2
Neutral/104.jpg,1
Positive/1040.jpg,2
Negative/1041.jpg,0
Neutral/1042.jpg,1
Positive/1043.jpg,2
Neutral/1044.jpg,1
Negative/1045.jpg,0
Neutral/1046.jpg,1
Neutral/1047.jpg,1
Positive/1048.jpg,2
Positive/1049.jpg,2
Positive/105.jpg,2
Negative/1050.jpg,0
Positive/1051.jpg,2
Negative/1052.jpg,0
Positive/1053.jpg,2
Neutral/1054.jpg,1
Positive/1055.jpg,2
Positive/1056.jpg,2
Positive/1057.jpg,2
Negative/1058.jpg,0
Positive/1059.jpg,2
Positive/106.jpg,2
Negative/1060.jpg,0
Neutral/1061.jpg,1
Positive/1062.jpg,2
Positive/1063.jpg,2
Positive/1064.jpg,2
Positive/1065.jpg,2
Positive/1066.jpg,2
Positive/1067.jpg,2
Neutral/1068.jpg,1
Negative/1069.jpg,0
Neutral/107.jpg,1
Neutral/1070.jpg,1
Positive/1071.jpg,2
Neutral/1072.jpg,1
Neutral/1073.jpg,1
Neutral/1074.jpg,1
Positive/1075.jpg,2
Positive/1076.jpg,2
Neutral/1077.jpg,1
Neutral/1078.jpg,1
Negative/1079.jpg,0
Neutral/108.jpg,1
Negative/1080.jpg,0
Negative/1081.jpg,0
Positive/1082.jpg,2
Negative/1083.jpg,0
Positive/1084.jpg,2
Positive/1085.jpg,2
Negative/1086.jpg,0
Negative/1087.jpg,0
Neutral/1088.jpg,1
Positive/1089.jpg,2
Neutral/109.jpg,1
Negative/1090.jpg,0
Negative/1091.jpg,0
Positive/1092.jpg,2
Positive/1093.jpg,2
Positive/1094.jpg,2
Positive/1095.jpg,2
Positive/1096.jpg,2
Neutral/1097.jpg,1
Positive/1098.jpg,2
Neutral/1099.jpg,1
Positive/11.jpg,2
Neutral/110.jpg,1
Positive/1100.jpg,2
Positive/1101.jpg,2
Neutral/1102.jpg,1
Positive/1103.jpg,2
Positive/1104.jpg,2
Positive/1105.jpg,2
Positive/1106.jpg,2
Positive/1107.jpg,2
Positive/1108.jpg,2
Positive/1109.jpg,2
Neutral/111.jpg,1
Positive/1110.jpg,2
Positive/1111.jpg,2
Positive/1112.jpg,2
Negative/1113.jpg,0
Positive/1114.jpg,2
Positive/1115.jpg,2
Positive/1116.jpg,2
Positive/1117.jpg,2
Positive/1118.jpg,2
Positive/1119.jpg,2
Positive/112.jpg,2
Positive/1120.jpg,2
Positive/1121.jpg,2
Positive/1122.jpg,2
Neutral/1123.jpg,1
Negative/1124.jpg,0
Neutral/1125.jpg,1
Neutral/1126.jpg,1
Positive/1127.jpg,2
Positive/1128.jpg,2
Positive/1129.jpg,2
Neutral/113.jpg,1
Neutral/1130.jpg,1
Neutral/1131.jpg,1
Positive/1132.jpg,2
Neutral/1133.jpg,1
Neutral/1134.jpg,1
Positive/1135.jpg,2
Positive/1136.jpg,2
Positive/1137.jpg,2
Neutral/1138.jpg,1
Positive/1139.jpg,2
Neutral/114.jpg,1
Neutral/1140.jpg,1
Neutral/1141.jpg,1
Negative/1142.jpg,0
Positive/1143.jpg,2
Positive/1144.jpg,2
Positive/1145.jpg,2
Neutral/1146.jpg,1
Neutral/1147.jpg,1
Neutral/1148.jpg,1
Positive/1149.jpg,2
Neutral/115.jpg,1
Neutral/1150.jpg,1
Neutral/1151.jpg,1
Positive/1152.jpg,2
Neutral/1153.jpg,1
Neutral/1154.jpg,1
Neutral/1155.jpg,1
Negative/1156.jpg,0
Neutral/1157.jpg,1
Negative/1158.jpg,0
Neutral/1159.jpg,1
Positive/116.jpg,2
Neutral/1160.jpg,1
Positive/1161.jpg,2
Negative/1162.jpg,0
Positive/1163.jpg,2
Positive/1164.jpg,2
Neutral/1165.jpg,1
Negative/1166.jpg,0
Neutral/1167.jpg,1
Neutral/1168.jpg,1
Negative/1169.jpg,0
Negative/117.jpg,0
Neutral/1170.jpg,1
Positive/1171.jpg,2
Negative/1172.jpg,0
Neutral/1173.jpg,1
Neutral/1174.jpg,1
Positive/1175.jpg,2
Negative/1176.jpg,0
Positive/1177.jpg,2
Positive/1178.jpg,2
Positive/1179.jpg,2
Negative/118.jpg,0
Negative/1180.jpg,0
Negative/1181.jpg,0
Positive/1182.jpg,2
Positive/1183.jpg,2
Positive/1184.jpg,2
Positive/1185.jpg,2
Positive/1186.jpg,2
Neutral/1187.jpg,1
Positive/1188.jpg,2
Neutral/1189.jpg,1
Neutral/119.jpg,1
Neutral/1190.jpg,1
Positive/1191.jpg,2
Neutral/1192.jpg,1
Neutral/1193.jpg,1
Positive/1194.jpg,2
Negative/1195.jpg,0
Neutral/1196.jpg,1
Positive/1197.jpg,2
Positive/1198.jpg,2
Neutral/1199.jpg,1
Positive/12.jpg,2
Positive/120.jpg,2
Negative/1200.jpg,0
Positive/1201.jpg,2
Neutral/1202.jpg,1
Neutral/1203.jpg,1
Positive/1204.jpg,2
Neutral/1205.jpg,1
Positive/1206.jpg,2
Positive/1207.jpg,2
Positive/1208.jpg,2
Positive/1209.jpg,2
Positive/121.jpg,2
Positive/1210.jpg,2
Positive/1211.jpg,2
Positive/1212.jpg,2
Negative/1213.jpg,0
Positive/1214.jpg,2
Positive/1215.jpg,2
Positive/1216.jpg,2
Positive/1217.jpg,2
Negative/1218.jpg,0
Positive/1219.jpg,2
Positive/122.jpg,2
Negative/1220.jpg,0
Positive/1221.jpg,2
Positive/1222.jpg,2
Positive/1223.jpg,2
Negative/1224.jpg,0
Positive/1225.jpg,2
Negative/1226.jpg,0
Negative/1227.jpg,0
Neutral/1228.jpg,1
Negative/1229.jpg,0
Negative/123.jpg,0
Negative/1230.jpg,0
Neutral/1231.jpg,1
Negative/1232.jpg,0
Positive/1233.jpg,2
Positive/1234.jpg,2
Positive/1235.jpg,2
Positive/1236.jpg,2
Positive/1237.jpg,2
Positive/1238.jpg,2
Positive/1239.jpg,2
Negative/124.jpg,0
Neutral/1240.jpg,1
Negative/1241.jpg,0
Negative/1242.jpg,0
Neutral/1243.jpg,1
Negative/1244.jpg,0
Neutral/1245.jpg,1
Negative/1246.jpg,0
Negative/1247.jpg,0
Neutral/1248.jpg,1
Neutral/1249.jpg,1
Neutral/125.jpg,1
Neutral/1250.jpg,1
Neutral/1251.jpg,1
Positive/1252.jpg,2
Positive/1253.jpg,2
Neutral/1254.jpg,1
Negative/1255.jpg,0
Positive/1256.jpg,2
Positive/1257.jpg,2
Positive/1258.jpg,2
Positive/1259.jpg,2
Neutral/126.jpg,1
Negative/1260.jpg,0
Negative/1261.jpg,0
Positive/1262.jpg,2
Negative/1263.jpg,0
Positive/1264.jpg,2
Negative/1265.jpg,0
Neutral/1266.jpg,1
Negative/1267.jpg,0
Neutral/1268.jpg,1
Negative/1269.jpg,0
Positive/127.jpg,2
Negative/1270.jpg,0
Positive/1271.jpg,2
Positive/1272.jpg,2
Neutral/1273.jpg,1
Positive/1274.jpg,2
Positive/1275.jpg,2
Positive/1276.jpg,2
Neutral/1277.jpg,1
Positive/1278.jpg,2
Positive/1279.jpg,2
Positive/128.jpg,2
Positive/1280.jpg,2
Negative/1281.jpg,0
Neutral/1282.jpg,1
Neutral/1283.jpg,1
Neutral/1284.jpg,1
Negative/1285.jpg,0
Neutral/1286.jpg,1
Negative/1287.jpg,0
Neutral/1288.jpg,1
Negative/1289.jpg,0
Negative/129.jpg,0
Neutral/1290.jpg,1
Negative/1291.jpg,0
Negative/1292.jpg,0
Neutral/1293.jpg,1
Positive/1294.jpg,2
Positive/1295.jpg,2
Positive/1296.jpg,2
Neutral/1297.jpg,1
Neutral/1298.jpg,1
Negative/1299.jpg,0
Neutral/13.jpg,1
Negative/130.jpg,0
Neutral/1300.jpg,1
Neutral/1301.jpg,1
Neutral/1302.jpg,1
Positive/1303.jpg,2
Negative/1304.jpg,0
Negative/1305.jpg,0
Neutral/1306.jpg,1
Negative/1307.jpg,0
Positive/1308.jpg,2
Negative/1309.jpg,0
Negative/131.jpg,0
Negative/1310.jpg,0
Negative/1311.jpg,0
Neutral/1312.jpg,1
Positive/1313.jpg,2
Positive/1314.jpg,2
Positive/1315.jpg,2
Negative/1316.jpg,0
Neutral/1317.jpg,1
Negative/1318.jpg,0
Negative/1319.jpg,0
Neutral/132.jpg,1
Negative/1320.jpg,0
Negative/1321.jpg,0
Positive/1322.jpg,2
Neutral/1323.jpg,1
Positive/1324.jpg,2
Positive/1325.jpg,2
Neutral/1326.jpg,1
Negative/1327.jpg,0
Positive/1328.jpg,2
Positive/1329.jpg,2
Negative/133.jpg,0
Positive/1330.jpg,2
Negative/1331.jpg,0
Negative/1332.jpg,0
Negative/1333.jpg,0
Neutral/1334.jpg,1
Neutral/1335.jpg,1
Negative/1336.jpg,0
Negative/1337.jpg,0
Negative/1338.jpg,0
Positive/1339.jpg,2
Negative/134.jpg,0
Negative/1340.jpg,0
Positive/1341.jpg,2
Negative/1342.jpg,0
Neutral/1343.jpg,1
Negative/1344.jpg,0
Positive/1345.jpg,2
Negative/1346.jpg,0
Negative/1347.jpg,0
Positive/1348.jpg,2
Positive/1349.jpg,2
Neutral/135.jpg,1
Positive/1350.jpg,2
Neutral/1351.jpg,1
Negative/1352.jpg,0
Positive/1353.jpg,2
Negative/1354.jpg,0
Positive/1355.jpg,2
Positive/1356.jpg,2
Positive/1357.jpg,2
Negative/1358.jpg,0
Neutral/1359.jpg,1
Negative/136.jpg,0
Negative/1360.jpg,0
Positive/1361.jpg,2
Negative/1362.jpg,0
Negative/1363.jpg,0
Negative/1364.jpg,0
Neutral/1365.jpg,1
Negative/1366.jpg,0
Neutral/1367.jpg,1
Positive/1368.jpg,2
Negative/1369.jpg,0
Positive/137.jpg,2
Negative/1370.jpg,0
Neutral/1371.jpg,1
Negative/1372.jpg,0
Negative/1373.jpg,0
Neutral/1374.jpg,1
Neutral/1375.jpg,1
Neutral/1376.jpg,1
Neutral/1377.jpg,1
Neutral/1378.jpg,1
Negative/1379.jpg,0
Neutral/138.jpg,1
Negative/1380.jpg,0
Neutral/1381.jpg,1
Positive/1382.jpg,2
Neutral/1383.jpg,1
Positive/1384.jpg,2
Positive/1385.jpg,2
Neutral/1386.jpg,1
Neutral/1387.jpg,1
Positive/1388.jpg,2
Negative/1389.jpg,0
Positive/139.jpg,2
Positive/1390.jpg,2
Neutral/1391.jpg,1
Positive/1392.jpg,2
Positive/1393.jpg,2
Negative/1394.jpg,0
Positive/1395.jpg,2
Negative/1396.jpg,0
Neutral/1397.jpg,1
Positive/1398.jpg,2
Negative/1399.jpg,0
Neutral/14.jpg,1
Neutral/140.jpg,1
Positive/1400.jpg,2
Negative/1401.jpg,0
Negative/1402.jpg,0
Negative/1403.jpg,0
Negative/1404.jpg,0
Negative/1405.jpg,0
Positive/1406.jpg,2
Negative/1407.jpg,0
Neutral/1408.jpg,1
Negative/1409.jpg,0
Neutral/141.jpg,1
Negative/1410.jpg,0
Positive/1411.jpg,2
Positive/1412.jpg,2
Negative/1413.jpg,0
Neutral/1414.jpg,1
Negative/1415.jpg,0
Positive/1416.jpg,2
Negative/1417.jpg,0
Negative/1418.jpg,0
Negative/1419.jpg,0
Positive/142.jpg,2
Positive/1420.jpg,2
Positive/1421.jpg,2
Positive/1422.jpg,2
Positive/1423.jpg,2
Positive/1424.jpg,2
Negative/1425.jpg,0
Positive/1426.jpg,2
Positive/1427.jpg,2
Positive/1428.jpg,2
Positive/1429.jpg,2
Positive/143.jpg,2
Positive/1430.jpg,2
Negative/1431.jpg,0
Neutral/1432.jpg,1
Positive/1433.jpg,2
Neutral/1434.jpg,1
Negative/1435.jpg,0
Negative/1436.jpg,0
Positive/1437.jpg,2
Positive/1438.jpg,2
Neutral/1439.jpg,1
Positive/144.jpg,2
Neutral/1440.jpg,1
Neutral/1441.jpg,1
Negative/1442.jpg,0
Negative/1443.jpg,0
Negative/1444.jpg,0
Positive/1445.jpg,2
Negative/1446.jpg,0
Positive/1447.jpg,2
Positive/1448.jpg,2
Positive/1449.jpg,2
Positive/145.jpg,2
Neutral/1450.jpg,1
Positive/1451.jpg,2
Negative/1452.jpg,0
Neutral/1453.jpg,1
Positive/1454.jpg,2
Neutral/1455.jpg,1
Neutral/1456.jpg,1
Positive/1457.jpg,2
Positive/1458.jpg,2
Positive/1459.jpg,2
Negative/146.jpg,0
Positive/1460.jpg,2
Positive/1461.jpg,2
Positive/1462.jpg,2
Neutral/1463.jpg,1
Positive/1464.jpg,2
Positive/1465.jpg,2
Positive/1466.jpg,2
Positive/1467.jpg,2
Positive/1468.jpg,2
Positive/1469.jpg,2
Negative/147.jpg,0
Positive/1470.jpg,2
Positive/1471.jpg,2
Positive/1472.jpg,2
Positive/1473.jpg,2
Negative/1474.jpg,0
Positive/1475.jpg,2
Positive/1476.jpg,2
Positive/1477.jpg,2
Positive/1478.jpg,2
Neutral/1479.jpg,1
Neutral/148.jpg,1
Negative/1480.jpg,0
Positive/1481.jpg,2
Positive/1482.jpg,2
Negative/1483.jpg,0
Negative/1484.jpg,0
Negative/1485.jpg,0
Neutral/1486.jpg,1
Positive/1487.jpg,2
Negative/1488.jpg,0
Negative/1489.jpg,0
Positive/149.jpg,2
Negative/1490.jpg,0
Positive/1491.jpg,2
Positive/1492.jpg,2
Neutral/1493.jpg,1
Negative/1494.jpg,0
Positive/1495.jpg,2
Neutral/1496.jpg,1
Neutral/1497.jpg,1
Neutral/1498.jpg,1
Positive/1499.jpg,2
Positive/15.jpg,2
Negative/150.jpg,0
Positive/1500.jpg,2
Neutral/1501.jpg,1
Neutral/1502.jpg,1
Negative/1503.jpg,0
Neutral/1504.jpg,1
Neutral/1505.jpg,1
Negative/1506.jpg,0
Negative/1507.jpg,0
Negative/1508.jpg,0
Neutral/1509.jpg,1
Neutral/151.jpg,1
Neutral/1510.jpg,1
Negative/1511.jpg,0
Neutral/1512.jpg,1
Neutral/1513.jpg,1
Negative/1514.jpg,0
Neutral/1515.jpg,1
Neutral/1516.jpg,1
Negative/1517.jpg,0
Positive/1518.jpg,2
Neutral/1519.jpg,1
Neutral/152.jpg,1
Positive/1520.jpg,2
Positive/1521.jpg,2
Positive/1522.jpg,2
Negative/1523.jpg,0
Negative/1524.jpg,0
Negative/1525.jpg,0
Negative/1526.jpg,0
Negative/1527.jpg,0
Negative/1528.jpg,0
Negative/1529.jpg,0
Positive/153.jpg,2
Negative/1530.jpg,0
Positive/1531.jpg,2
Neutral/1532.jpg,1
Negative/1533.jpg,0
Neutral/1534.jpg,1
Neutral/1535.jpg,1
Negative/1536.jpg,0
Neutral/1537.jpg,1
Neutral/1538.jpg,1
Negative/1539.jpg,0
Neutral/154.jpg,1
Negative/1540.jpg,0
Neutral/1541.jpg,1
Negative/1542.jpg,0
Neutral/1543.jpg,1
Negative/1544.jpg,0
Positive/1545.jpg,2
Negative/1546.jpg,0
Neutral/1547.jpg,1
Positive/1548.jpg,2
Negative/1549.jpg,0
Negative/155.jpg,0
Negative/1550.jpg,0
Negative/1551.jpg,0
Positive/1552.jpg,2
Positive/1553.jpg,2
Positive/1554.jpg,2
Positive/1555.jpg,2
Positive/1556.jpg,2
Positive/1557.jpg,2
Positive/1558.jpg,2
Positive/1559.jpg,2
Positive/156.jpg,2
Positive/1560.jpg,2
Neutral/1561.jpg,1
Positive/1562.jpg,2
Negative/1563.jpg,0
Negative/1564.jpg,0
Negative/1565.jpg,0
Negative/1566.jpg,0
Negative/1567.jpg,0
Neutral/1568.jpg,1
Negative/1569.jpg,0
Negative/157.jpg,0
Negative/1570.jpg,0
Negative/1571.jpg,0
Negative/1572.jpg,0
Negative/1573.jpg,0
Negative/1574.jpg,0
Negative/1575.jpg,0
Neutral/1576.jpg,1
Negative/1577.jpg,0
Neutral/1578.jpg,1
Positive/1579.jpg,2
Neutral/158.jpg,1
Neutral/1580.jpg,1
Neutral/1581.jpg,1
Positive/1582.jpg,2
Positive/1583.jpg,2
Positive/1584.jpg,2
Neutral/1585.jpg,1
Positive/1586.jpg,2
Neutral/1587.jpg,1
Positive/1588.jpg,2
Negative/1589.jpg,0
Negative/159.jpg,0
Neutral/1590.jpg,1
Positive/1591.jpg,2
Negative/1592.jpg,0
Neutral/1593.jpg,1
Positive/1594.jpg,2
Positive/1595.jpg,2
Neutral/1596.jpg,1
Neutral/1597.jpg,1
Neutral/1598.jpg,1
Positive/1599.jpg,2
Positive/16.jpg,2
Negative/160.jpg,0
Positive/1600.jpg,2
Positive/1601.jpg,2
Neutral/1602.jpg,1
Negative/1603.jpg,0
Negative/1604.jpg,0
Positive/1605.jpg,2
Neutral/1606.jpg,1
Neutral/1607.jpg,1
Neutral/1608.jpg,1
Neutral/1609.jpg,1
Positive/161.jpg,2
Positive/1610.jpg,2
Positive/1611.jpg,2
Positive/1612.jpg,2
Positive/1613.jpg,2
Positive/1614.jpg,2
Positive/1615.jpg,2
Positive/1616.jpg,2
Positive/1617.jpg,2
Neutral/1618.jpg,1
Neutral/1619.jpg,1
Positive/162.jpg,2
Neutral/1620.jpg,1
Positive/1621.jpg,2
Negative/1622.jpg,0
Neutral/1623.jpg,1
Positive/1624.jpg,2
Positive/1625.jpg,2
Positive/1626.jpg,2
Negative/1627.jpg,0
Positive/1628.jpg,2
Positive/1629.jpg,2
Positive/163.jpg,2
Positive/1630.jpg,2
Positive/1631.jpg,2
Positive/1632.jpg,2
Positive/1633.jpg,2
Positive/1634.jpg,2
Neutral/1635.jpg,1
Positive/1636.jpg,2
Positive/1637.jpg,2
Positive/1638.jpg,2
Positive/1639.jpg,2
Negative/164.jpg,0
Positive/1640.jpg,2
Positive/1641.jpg,2
Positive/1642.jpg,2
Positive/1643.jpg,2
Positive/1644.jpg,2
Positive/1645.jpg,2
Positive/1646.jpg,2
Positive/1647.jpg,2
Positive/1648.jpg,2
Neutral/1649.jpg,1
Positive/165.jpg,2
Positive/1650.jpg,2
Positive/1651.jpg,2
Positive/1652.jpg,2
Positive/1653.jpg,2
Positive/1654.jpg,2
Positive/1655.jpg,2
Positive/1656.jpg,2
Neutral/1657.jpg,1
Negative/1658.jpg,0
Positive/1659.jpg,2
Positive/166.jpg,2
Negative/1660.jpg,0
Negative/1661.jpg,0
Positive/1662.jpg,2
Neutral/1663.jpg,1
Positive/1664.jpg,2
Neutral/1665.jpg,1
Neutral/1666.jpg,1
Neutral/1667.jpg,1
Positive/1668.jpg,2
Positive/1669.jpg,2
Positive/167.jpg,2
Neutral/1670.jpg,1
Neutral/1671.jpg,1
Negative/1672.jpg,0
Negative/1673.jpg,0
Neutral/1674.jpg,1
Positive/1675.jpg,2
Negative/1676.jpg,0
Negative/1677.jpg,0
Negative/1678.jpg,0
Neutral/1679.jpg,1
Negative/168.jpg,0
Negative/1680.jpg,0
Negative/1681.jpg,0
Positive/1682.jpg,2
Neutral/1683.jpg,1
Positive/1684.jpg,2
Positive/1685.jpg,2
Positive/1686.jpg,2
Negative/1687.jpg,0
Negative/1688.jpg,0
Negative/1689.jpg,0
Positive/169.jpg,2
Positive/1690.jpg,2
Neutral/1691.jpg,1
Negative/1692.jpg,0
Negative/1693.jpg,0
Negative/1694.jpg,0
Negative/1695.jpg,0
Positive/1696.jpg,2
Negative/1697.jpg,0
Negative/1698.jpg,0
Neutral/1699.jpg,1
Positive/17.jpg,2
Positive/170.jpg,2
Neutral/1700.jpg,1
Positive/1701.jpg,2
Positive/1702.jpg,2
Negative/1703.jpg,0
Positive/1704.jpg,2
Negative/1705.jpg,0
Negative/1706.jpg,0
Negative/1707.jpg,0
Negative/1708.jpg,0
Positive/1709.jpg,2
Positive/171.jpg,2
Neutral/1710.jpg,1
Negative/1711.jpg,0
Neutral/1712.jpg,1
Negative/1713.jpg,0
Neutral/1714.jpg,1
Positive/1715.jpg,2
Positive/1716.jpg,2
Positive/1717.jpg,2
Positive/1718.jpg,2
Neutral/1719.jpg,1
Positive/172.jpg,2
Neutral/1720.jpg,1
Positive/1721.jpg,2
Neutral/1722.jpg,1
Neutral/1723.jpg,1
Neutral/1724.jpg,1
Positive/1725.jpg,2
Positive/1726.jpg,2
Neutral/1727.jpg,1
Neutral/1728.jpg,1
Positive/1729.jpg,2
Positive/173.jpg,2
Negative/1730.jpg,0
Positive/1731.jpg,2
Positive/1732.jpg,2
Negative/1733.jpg,0
Neutral/1734.jpg,1
Negative/1735.jpg,0
Positive/1736.jpg,2
Neutral/1737.jpg,1
Negative/1738.jpg,0
Neutral/1739.jpg,1
Positive/174.jpg,2
Neutral/1740.jpg,1
Negative/1741.jpg,0
Neutral/1742.jpg,1
Positive/1743.jpg,2
Positive/1744.jpg,2
Positive/1745.jpg,2
Positive/1746.jpg,2
Negative/1747.jpg,0
Positive/1748.jpg,2
Positive/1749.jpg,2
Negative/175.jpg,0
Positive/1750.jpg,2
Negative/1751.jpg,0
Neutral/1752.jpg,1
Neutral/1753.jpg,1
Neutral/1754.jpg,1
Neutral/1755.jpg,1
Negative/1756.jpg,0
Neutral/1757.jpg,1
Neutral/1758.jpg,1
Positive/1759.jpg,2
Positive/176.jpg,2
Negative/1760.jpg,0
Negative/1761.jpg,0
Positive/1762.jpg,2
Negative/1763.jpg,0
Positive/1764.jpg,2
Negative/1765.jpg,0
Positive/1766.jpg,2
Neutral/1767.jpg,1
Negative/1768.jpg,0
Neutral/1769.jpg,1
Negative/177.jpg,0
Neutral/1770.jpg,1
Negative/1771.jpg,0
Neutral/1772.jpg,1
Positive/1773.jpg,2
Neutral/1774.jpg,1
Negative/1775.jpg,0
Negative/1776.jpg,0
Neutral/1777.jpg,1
Neutral/1778.jpg,1
Neutral/1779.jpg,1
Neutral/178.jpg,1
Positive/1780.jpg,2
Neutral/1781.jpg,1
Positive/1782.jpg,2
Neutral/1783.jpg,1
Neutral/1784.jpg,1
Neutral/1785.jpg,1
Negative/1786.jpg,0
Negative/1787.jpg,0
Neutral/1788.jpg,1
Negative/1789.jpg,0
Positive/179.jpg,2
Positive/1790.jpg,2
Neutral/1791.jpg,1
Positive/1792.jpg,2
Positive/1793.jpg,2
Positive/1794.jpg,2
Positive/1795.jpg,2
Neutral/1796.jpg,1
Positive/1797.jpg,2
Neutral/1798.jpg,1
Positive/1799.jpg,2
Neutral/18.jpg,1
Neutral/180.jpg,1
Neutral/1800.jpg,1
Positive/1801.jpg,2
Positive/1802.jpg,2
Positive/1803.jpg,2
Negative/1804.jpg,0
Positive/1805.jpg,2
Neutral/1806.jpg,1
Positive/1807.jpg,2
Positive/1808.jpg,2
Negative/1809.jpg,0
Negative/181.jpg,0
Negative/1810.jpg,0
Negative/1811.jpg,0
Negative/1812.jpg,0
Negative/1813.jpg,0
Negative/1814.jpg,0
Negative/1815.jpg,0
Negative/1816.jpg,0
Neutral/1817.jpg,1
Negative/1818.jpg,0
Negative/1819.jpg,0
Neutral/182.jpg,1
Negative/1820.jpg,0
Positive/1821.jpg,2
Negative/1822.jpg,0
Positive/1823.jpg,2
Positive/1824.jpg,2
Positive/1825.jpg,2
Positive/1826.jpg,2
Positive/1827.jpg,2
Neutral/1828.jpg,1
Neutral/1829.jpg,1
Negative/183.jpg,0
Neutral/1830.jpg,1
Neutral/1831.jpg,1
Negative/1832.jpg,0
Neutral/1833.jpg,1
Positive/1834.jpg,2
Neutral/1835.jpg,1
Neutral/1836.jpg,1
Positive/1837.jpg,2
Negative/1838.jpg,0
Negative/1839.jpg,0
Negative/184.jpg,0
Negative/1840.jpg,0
Negative/1841.jpg,0
Neutral/1842.jpg,1
Neutral/1843.jpg,1
Negative/1844.jpg,0
Positive/1845.jpg,2
Neutral/1846.jpg,1
Positive/1847.jpg,2
Positive/1848.jpg,2
Neutral/1849.jpg,1
Positive/185.jpg,2
Neutral/1850.jpg,1
Negative/1851.jpg,0
Neutral/1852.jpg,1
Positive/1853.jpg,2
Negative/1854.jpg,0
Neutral/1855.jpg,1
Neutral/1856.jpg,1
Neutral/1857.jpg,1
Negative/1858.jpg,0
Positive/1859.jpg,2
Negative/186.jpg,0
Negative/1860.jpg,0
Positive/1861.jpg,2
Negative/1862.jpg,0
Neutral/1863.jpg,1
Negative/1864.jpg,0
Neutral/1865.jpg,1
Neutral/1866.jpg,1
Positive/1867.jpg,2
Neutral/1868.jpg,1
Neutral/1869.jpg,1
Neutral/187.jpg,1
Positive/1870.jpg,2
Positive/1871.jpg,2
Positive/1872.jpg,2
Positive/1873.jpg,2
Positive/1874.jpg,2
Neutral/1875.jpg,1
Positive/1876.jpg,2
Neutral/1877.jpg,1
Positive/1878.jpg,2
Positive/1879.jpg,2
Negative/188.jpg,0
Neutral/1880.jpg,1
Positive/1881.jpg,2
Positive/1882.jpg,2
Negative/1883.jpg,0
Positive/1884.jpg,2
Negative/1885.jpg,0
Negative/1886.jpg,0
Neutral/1887.jpg,1
Positive/1888.jpg,2
Negative/1889.jpg,0
Negative/189.jpg,0
Negative/1890.jpg,0
Positive/1891.jpg,2
Neutral/1892.jpg,1
Negative/1893.jpg,0
Neutral/1894.jpg,1
Negative/1895.jpg,0
Positive/1896.jpg,2
Neutral/1897.jpg,1
Neutral/1898.jpg,1
Neutral/1899.jpg,1
Neutral/19.jpg,1
Neutral/190.jpg,1
Neutral/1900.jpg,1
Positive/1901.jpg,2
Negative/1902.jpg,0
Negative/1903.jpg,0
Neutral/1904.jpg,1
Neutral/1905.jpg,1
Neutral/1906.jpg,1
Positive/1907.jpg,2
Positive/1908.jpg,2
Neutral/1909.jpg,1
Negative/191.jpg,0
Negative/1910.jpg,0
Negative/1911.jpg,0
Positive/1912.jpg,2
Neutral/1913.jpg,1
Neutral/1914.jpg,1
Positive/1915.jpg,2
Negative/1916.jpg,0
Positive/1917.jpg,2
Positive/1918.jpg,2
Neutral/1919.jpg,1
Neutral/192.jpg,1
Neutral/1920.jpg,1
Positive/1921.jpg,2
Neutral/1922.jpg,1
Negative/1923.jpg,0
Negative/1924.jpg,0
Neutral/1925.jpg,1
Negative/1926.jpg,0
Neutral/1927.jpg,1
Negative/1928.jpg,0
Neutral/1929.jpg,1
Negative/193.jpg,0
Neutral/1930.jpg,1
Negative/1931.jpg,0
Neutral/1932.jpg,1
Positive/1933.jpg,2
Positive/1934.jpg,2
Neutral/1935.jpg,1
Positive/1936.jpg,2
Positive/1937.jpg,2
Neutral/1938.jpg,1
Neutral/1939.jpg,1
Negative/194.jpg,0
Neutral/1940.jpg,1
Negative/1941.jpg,0
Negative/1942.jpg,0
Negative/1943.jpg,0
Negative/1944.jpg,0
Positive/1945.jpg,2
Negative/1946.jpg,0
Negative/1947.jpg,0
Negative/1948.jpg,0
Neutral/1949.jpg,1
Negative/195.jpg,0
Negative/1950.jpg,0
Neutral/1951.jpg,1
Neutral/1952.jpg,1
Positive/1953.jpg,2
Neutral/1954.jpg,1
Neutral/1955.jpg,1
Positive/1956.jpg,2
Neutral/1957.jpg,1
Negative/1958.jpg,0
Positive/1959.jpg,2
Positive/196.jpg,2
Positive/1960.jpg,2
Neutral/1961.jpg,1
Positive/1962.jpg,2
Negative/1963.jpg,0
Neutral/1964.jpg,1
Positive/1965.jpg,2
Positive/1966.jpg,2
Neutral/1967.jpg,1
Positive/1968.jpg,2
Negative/1969.jpg,0
Positive/197.jpg,2
Positive/1970.jpg,2
Neutral/1971.jpg,1
Negative/1972.jpg,0
Neutral/1973.jpg,1
Neutral/1974.jpg,1
Neutral/1975.jpg,1
Positive/1976.jpg,2
Negative/1977.jpg,0
Neutral/1978.jpg,1
Positive/1979.jpg,2
Positive/198.jpg,2
Positive/1980.jpg,2
Positive/1981.jpg,2
Positive/1982.jpg,2
Positive/1983.jpg,2
Positive/1984.jpg,2
Positive/1985.jpg,2
Positive/1986.jpg,2
Positive/1987.jpg,2
Positive/1988.jpg,2
Positive/1989.jpg,2
Positive/199.jpg,2
Positive/1990.jpg,2
Neutral/1991.jpg,1
Neutral/1992.jpg,1
Positive/1993.jpg,2
Positive/1994.jpg,2
Positive/1995.jpg,2
Positive/1996.jpg,2
Positive/1997.jpg,2
Positive/1998.jpg,2
Positive/1999.jpg,2
Positive/2.jpg,2
Positive/20.jpg,2
Negative/200.jpg,0
Positive/2000.jpg,2
Neutral/2001.jpg,1
Negative/2002.jpg,0
Positive/2003.jpg,2
Positive/2004.jpg,2
Negative/2005.jpg,0
Positive/2006.jpg,2
Neutral/2007.jpg,1
Positive/2008.jpg,2
Negative/2009.jpg,0
Negative/201.jpg,0
Negative/2010.jpg,0
Negative/2011.jpg,0
Negative/2012.jpg,0
Positive/2013.jpg,2
Negative/2014.jpg,0
Neutral/2015.jpg,1
Neutral/2016.jpg,1
Negative/2017.jpg,0
Negative/2018.jpg,0
Negative/2019.jpg,0
Negative/202.jpg,0
Neutral/2020.jpg,1
Neutral/2021.jpg,1
Neutral/2022.jpg,1
Neutral/2023.jpg,1
Positive/2024.jpg,2
Neutral/2025.jpg,1
Neutral/2026.jpg,1
Negative/2027.jpg,0
Negative/2028.jpg,0
Neutral/2029.jpg,1
Negative/203.jpg,0
Positive/2030.jpg,2
Positive/2031.jpg,2
Neutral/2032.jpg,1
Negative/2033.jpg,0
Negative/2034.jpg,0
Neutral/2035.jpg,1
Neutral/2036.jpg,1
Negative/2037.jpg,0
Negative/2038.jpg,0
Negative/2039.jpg,0
Negative/204.jpg,0
Neutral/2040.jpg,1
Positive/2041.jpg,2
Positive/2042.jpg,2
Negative/2043.jpg,0
Negative/2044.jpg,0
Positive/2045.jpg,2
Neutral/2046.jpg,1
Neutral/2047.jpg,1
Positive/2048.jpg,2
Neutral/2049.jpg,1
Negative/205.jpg,0
Positive/2050.jpg,2
Positive/2051.jpg,2
Positive/2052.jpg,2
Neutral/2053.jpg,1
Neutral/2054.jpg,1
Neutral/2055.jpg,1
Negative/2056.jpg,0
Neutral/2057.jpg,1
Neutral/2058.jpg,1
Negative/2059.jpg,0
Positive/206.jpg,2
Negative/2060.jpg,0
Positive/2061.jpg,2
Negative/2062.jpg,0
Negative/2063.jpg,0
Negative/2064.jpg,0
Negative/2065.jpg,0
Positive/2066.jpg,2
Neutral/2067.jpg,1
Negative/2068.jpg,0
Negative/2069.jpg,0
Neutral/207.jpg,1
Neutral/2070.jpg,1
Neutral/2071.jpg,1
Neutral/2072.jpg,1
Neutral/2073.jpg,1
Positive/2074.jpg,2
Negative/2075.jpg,0
Negative/2076.jpg,0
Positive/2077.jpg,2
Negative/2078.jpg,0
Positive/2079.jpg,2
Negative/208.jpg,0
Positive/2080.jpg,2
Positive/2081.jpg,2
Neutral/2082.jpg,1
Neutral/2083.jpg,1
Positive/2084.jpg,2
Neutral/2085.jpg,1
Negative/2086.jpg,0
Negative/2087.jpg,0
Positive/2088.jpg,2
Neutral/2089.jpg,1
Positive/209.jpg,2
Neutral/2090.jpg,1
Negative/2091.jpg,0
Positive/2092.jpg,2
Neutral/2093.jpg,1
Negative/2094.jpg,0
Negative/2095.jpg,0
Negative/2096.jpg,0
Neutral/2097.jpg,1
Positive/2098.jpg,2
Neutral/2099.jpg,1
Positive/21.jpg,2
Neutral/210.jpg,1
Positive/2100.jpg,2
Neutral/2101.jpg,1
Neutral/2102.jpg,1
Negative/2103.jpg,0
Neutral/2104.jpg,1
Negative/2105.jpg,0
Negative/2106.jpg,0
Neutral/2107.jpg,1
Neutral/2108.jpg,1
Positive/2109.jpg,2
Negative/211.jpg,0
Positive/2110.jpg,2
Negative/2111.jpg,0
Positive/2112.jpg,2
Positive/2113.jpg,2
Negative/2114.jpg,0
Negative/2115.jpg,0
Negative/2116.jpg,0
Positive/2117.jpg,2
Neutral/2118.jpg,1
Neutral/2119.jpg,1
Positive/212.jpg,2
Neutral/2120.jpg,1
Negative/2121.jpg,0
Negative/2122.jpg,0
Negative/2123.jpg,0
Negative/2124.jpg,0
Negative/2125.jpg,0
Positive/2126.jpg,2
Negative/2127.jpg,0
Negative/2128.jpg,0
Neutral/2129.jpg,1
Positive/213.jpg,2
Positive/2130.jpg,2
Negative/2131.jpg,0
Positive/2132.jpg,2
Positive/2133.jpg,2
Positive/2134.jpg,2
Neutral/2135.jpg,1
Positive/2136.jpg,2
Positive/2137.jpg,2
Positive/2138.jpg,2
Positive/2139.jpg,2
Positive/214.jpg,2
Negative/2140.jpg,0
Neutral/2141.jpg,1
Negative/2142.jpg,0
Positive/2143.jpg,2
Positive/2144.jpg,2
Neutral/2145.jpg,1
Positive/2146.jpg,2
Negative/2147.jpg,0
Negative/2148.jpg,0
Neutral/2149.jpg,1
Positive/215.jpg,2
Positive/2150.jpg,2
Negative/2151.jpg,0
Negative/2152.jpg,0
Neutral/2153.jpg,1
Neutral/2154.jpg,1
Positive/2155.jpg,2
Negative/2156.jpg,0
Positive/2157.jpg,2
Negative/2158.jpg,0
Positive/2159.jpg,2
Neutral/216.jpg,1
Neutral/2160.jpg,1
Positive/2161.jpg,2
Negative/2162.jpg,0
Negative/2163.jpg,0
Neutral/2164.jpg,1
Negative/2165.jpg,0
Negative/2166.jpg,0
Negative/2167.jpg,0
Positive/2168.jpg,2
Positive/217.jpg,2
Neutral/218.jpg,1
Neutral/219.jpg,1
Neutral/22.jpg,1
Positive/220.jpg,2
Positive/221.jpg,2
Positive/222.jpg,2
Negative/223.jpg,0
Positive/224.jpg,2
Neutral/225.jpg,1
Positive/226.jpg,2
Negative/227.jpg,0
Neutral/228.jpg,1
Neutral/229.jpg,1
Positive/23.jpg,2
Positive/230.jpg,2
Positive/231.jpg,2
Neutral/2311.jpg,1
Neutral/2312.jpg,1
Positive/2313.jpg,2
Neutral/2314.jpg,1
Neutral/2318.jpg,1
Neutral/2319.jpg,1
Neutral/232.jpg,1
Negative/2320.jpg,0
Neutral/2321.jpg,1
Positive/2322.jpg,2
Neutral/2323.jpg,1
Neutral/2324.jpg,1
Neutral/2325.jpg,1
Negative/2326.jpg,0
Negative/2327.jpg,0
Negative/2328.jpg,0
Negative/2329.jpg,0
Positive/233.jpg,2
Negative/2330.jpg,0
Neutral/2331.jpg,1
Negative/2332.jpg,0
Negative/2333.jpg,0
Negative/2334.jpg,0
Negative/2335.jpg,0
Positive/2336.jpg,2
Negative/2337.jpg,0
Neutral/2338.jpg,1
Negative/2339.jpg,0
Negative/234.jpg,0
Positive/2340.jpg,2
Negative/2345.jpg,0
Neutral/2346.jpg,1
Positive/2348.jpg,2
Neutral/2349.jpg,1
Neutral/235.jpg,1
Negative/2350.jpg,0
Positive/2351.jpg,2
Neutral/2354.jpg,1
Neutral/2355.jpg,1
Negative/2356.jpg,0
Positive/2357.jpg,2
Positive/2358.jpg,2
Negative/2359.jpg,0
Negative/236.jpg,0
Negative/2360.jpg,0
Negative/2361.jpg,0
Negative/2362.jpg,0
Neutral/2363.jpg,1
Neutral/2364.jpg,1
Neutral/2365.jpg,1
Positive/2366.jpg,2
Neutral/2367.jpg,1
Neutral/2368.jpg,1
Neutral/2369.jpg,1
Negative/237.jpg,0
Positive/2370.jpg,2
Neutral/2371.jpg,1
Neutral/2372.jpg,1
Positive/2373.jpg,2
Neutral/2374.jpg,1
Negative/2375.jpg,0
Neutral/2376.jpg,1
Positive/2377.jpg,2
Neutral/2378.jpg,1
Neutral/2379.jpg,1
Negative/238.jpg,0
Positive/2380.jpg,2
Positive/2381.jpg,2
Positive/2382.jpg,2
Positive/2383.jpg,2
Neutral/2384.jpg,1
Positive/2385.jpg,2
Neutral/2386.jpg,1
Negative/2387.jpg,0
Neutral/2388.jpg,1
Neutral/2389.jpg,1
Positive/239.jpg,2
Negative/24.jpg,0
Positive/240.jpg,2
Neutral/2403.jpg,1
Negative/2404.jpg,0
Negative/241.jpg,0
Negative/242.jpg,0
Positive/2424.jpg,2
Positive/2425.jpg,2
Positive/2426.jpg,2
Negative/2427.jpg,0
Neutral/2428.jpg,1
Negative/2429.jpg,0
Negative/243.jpg,0
Positive/2430.jpg,2
Neutral/2431.jpg,1
Neutral/2432.jpg,1
Neutral/2433.jpg,1
Positive/2434.jpg,2
Negative/2435.jpg,0
Positive/2436.jpg,2
Neutral/2437.jpg,1
Positive/2438.jpg,2
Positive/2439.jpg,2
Neutral/244.jpg,1
Neutral/2440.jpg,1
Positive/2441.jpg,2
Negative/2442.jpg,0
Positive/2443.jpg,2
Neutral/2444.jpg,1
Neutral/2445.jpg,1
Neutral/2446.jpg,1
Neutral/2447.jpg,1
Neutral/2448.jpg,1
Positive/2449.jpg,2
Neutral/245.jpg,1
Negative/2450.jpg,0
Positive/2451.jpg,2
Negative/2452.jpg,0
Neutral/2453.jpg,1
Negative/2454.jpg,0
Neutral/2455.jpg,1
Positive/2456.jpg,2
Neutral/2458.jpg,1
Negative/2459.jpg,0
Negative/246.jpg,0
Positive/2460.jpg,2
Negative/2462.jpg,0
Negative/2463.jpg,0
Negative/2464.jpg,0
Neutral/2465.jpg,1
Positive/2468.jpg,2
Positive/2469.jpg,2
Positive/247.jpg,2
Positive/2470.jpg,2
Positive/2471.jpg,2
Positive/2472.jpg,2
Neutral/2473.jpg,1
Negative/2474.jpg,0
Negative/2475.jpg,0
Neutral/2476.jpg,1
Negative/2477.jpg,0
Negative/2478.jpg,0
Neutral/2479.jpg,1
Negative/248.jpg,0
Negative/2480.jpg,0
Neutral/2488.jpg,1
Neutral/2489.jpg,1
Negative/249.jpg,0
Neutral/2490.jpg,1
Positive/2491.jpg,2
Positive/2492.jpg,2
Positive/2493.jpg,2
Negative/2494.jpg,0
Neutral/2496.jpg,1
Positive/2497.jpg,2
Positive/2498.jpg,2
Positive/2499.jpg,2
Positive/25.jpg,2
Positive/250.jpg,2
Positive/2500.jpg,2
Positive/2501.jpg,2
Positive/2502.jpg,2
Neutral/2503.jpg,1
Positive/2504.jpg,2
Positive/2505.jpg,2
Positive/2506.jpg,2
Positive/2507.jpg,2
Positive/2508.jpg,2
Positive/2509.jpg,2
Neutral/251.jpg,1
Positive/2510.jpg,2
Positive/2513.jpg,2
Neutral/2514.jpg,1
Positive/2515.jpg,2
Neutral/252.jpg,1
Neutral/2523.jpg,1
Negative/2524.jpg,0
Neutral/2525.jpg,1
Neutral/2526.jpg,1
Negative/2527.jpg,0
Neutral/2528.jpg,1
Neutral/2529.jpg,1
Negative/253.jpg,0
Neutral/2530.jpg,1
Neutral/2531.jpg,1
Neutral/2532.jpg,1
Negative/2533.jpg,0
Neutral/2534.jpg,1
Negative/2535.jpg,0
Neutral/2536.jpg,1
Positive/2537.jpg,2
Negative/2538.jpg,0
Neutral/254.jpg,1
Negative/2540.jpg,0
Positive/2541.jpg,2
Neutral/2542.jpg,1
Negative/2543.jpg,0
Neutral/2544.jpg,1
Negative/2546.jpg,0
Positive/2547.jpg,2
Neutral/2548.jpg,1
Neutral/2549.jpg,1
Negative/255.jpg,0
Negative/2550.jpg,0
Positive/2551.jpg,2
Positive/2552.jpg,2
Negative/2553.jpg,0
Negative/2554.jpg,0
Neutral/2555.jpg,1
Negative/2556.jpg,0
Negative/2557.jpg,0
Negative/2558.jpg,0
Positive/2559.jpg,2
Positive/256.jpg,2
Neutral/2560.jpg,1
Negative/2561.jpg,0
Neutral/2562.jpg,1
Negative/2563.jpg,0
Neutral/2564.jpg,1
Neutral/2565.jpg,1
Neutral/2566.jpg,1
Negative/2567.jpg,0
Positive/2568.jpg,2
Neutral/2569.jpg,1
Positive/257.jpg,2
Neutral/2570.jpg,1
Neutral/2571.jpg,1
Neutral/2572.jpg,1
Positive/2573.jpg,2
Neutral/2574.jpg,1
Negative/2575.jpg,0
Negative/2576.jpg,0
Negative/2577.jpg,0
Positive/2578.jpg,2
Negative/2579.jpg,0
Neutral/258.jpg,1
Neutral/2580.jpg,1
Neutral/2581.jpg,1
Neutral/2582.jpg,1
Positive/2583.jpg,2
Neutral/2584.jpg,1
Neutral/2585.jpg,1
Negative/2586.jpg,0
Negative/2587.jpg,0
Negative/2588.jpg,0
Negative/2589.jpg,0
Neutral/259.jpg,1
Negative/2590.jpg,0
Positive/2591.jpg,2
Negative/2592.jpg,0
Positive/2593.jpg,2
Neutral/2594.jpg,1
Negative/2595.jpg,0
Neutral/2596.jpg,1
Positive/2597.jpg,2
Positive/2598.jpg,2
Neutral/2599.jpg,1
Positive/26.jpg,2
Negative/260.jpg,0
Neutral/2600.jpg,1
Negative/2601.jpg,0
Negative/2602.jpg,0
Neutral/2603.jpg,1
Negative/2604.jpg,0
Negative/2605.jpg,0
Negative/2606.jpg,0
Positive/2607.jpg,2
Positive/2608.jpg,2
Positive/2609.jpg,2
Neutral/261.jpg,1
Positive/2610.jpg,2
Neutral/2611.jpg,1
Neutral/2612.jpg,1
Negative/2613.jpg,0
Neutral/2614.jpg,1
Negative/2615.jpg,0
Positive/2616.jpg,2
Positive/2617.jpg,2
Neutral/2618.jpg,1
Negative/2619.jpg,0
Negative/262.jpg,0
Neutral/2620.jpg,1
Positive/2621.jpg,2
Neutral/2622.jpg,1
Positive/2623.jpg,2
Negative/2624.jpg,0
Positive/2626.jpg,2
Positive/2627.jpg,2
Positive/2628.jpg,2
Neutral/2629.jpg,1
Neutral/263.jpg,1
Negative/2630.jpg,0
Positive/2632.jpg,2
Neutral/2633.jpg,1
Neutral/2634.jpg,1
Neutral/2635.jpg,1
Neutral/2636.jpg,1
Neutral/2637.jpg,1
Neutral/2638.jpg,1
Positive/2639.jpg,2
Negative/264.jpg,0
Negative/2640.jpg,0
Neutral/2641.jpg,1
Negative/2642.jpg,0
Neutral/2643.jpg,1
Negative/2644.jpg,0
Neutral/2645.jpg,1
Neutral/2646.jpg,1
Positive/2647.jpg,2
Negative/2648.jpg,0
Neutral/265.jpg,1
Neutral/2650.jpg,1
Negative/2651.jpg,0
Negative/2653.jpg,0
Negative/2654.jpg,0
Negative/2655.jpg,0
Negative/2656.jpg,0
Negative/2657.jpg,0
Negative/2658.jpg,0
Negative/2659.jpg,0
Negative/266.jpg,0
Negative/2660.jpg,0
Negative/2661.jpg,0
Negative/2662.jpg,0
Negative/2663.jpg,0
Negative/2664.jpg,0
Positive/2665.jpg,2
Negative/2666.jpg,0
Negative/2667.jpg,0
Neutral/2668.jpg,1
Neutral/2669.jpg,1
Neutral/267.jpg,1
Negative/2670.jpg,0
Negative/2671.jpg,0
Neutral/2672.jpg,1
Neutral/2673.jpg,1
Negative/2674.jpg,0
Negative/2675.jpg,0
Negative/2676.jpg,0
Negative/2677.jpg,0
Negative/2678.jpg,0
Negative/2679.jpg,0
Negative/268.jpg,0
Negative/2680.jpg,0
Neutral/2683.jpg,1
Positive/2684.jpg,2
Positive/2685.jpg,2
Positive/2686.jpg,2
Positive/2687.jpg,2
Neutral/2688.jpg,1
Neutral/2689.jpg,1
Neutral/269.jpg,1
Neutral/2690.jpg,1
Negative/2691.jpg,0
Neutral/2692.jpg,1
Neutral/2693.jpg,1
Positive/2694.jpg,2
Neutral/2695.jpg,1
Negative/2696.jpg,0
Negative/2697.jpg,0
Negative/2698.jpg,0
Negative/2699.jpg,0
Positive/27.jpg,2
Negative/270.jpg,0
Negative/2700.jpg,0
Negative/2701.jpg,0
Negative/2702.jpg,0
Negative/2703.jpg,0
Negative/2704.jpg,0
Neutral/2705.jpg,1
Negative/2706.jpg,0
Negative/2707.jpg,0
Negative/2708.jpg,0
Negative/2709.jpg,0
Negative/271.jpg,0
Neutral/2710.jpg,1
Neutral/2711.jpg,1
Negative/2712.jpg,0
Negative/2713.jpg,0
Negative/2714.jpg,0
Negative/2715.jpg,0
Negative/2716.jpg,0
Negative/2717.jpg,0
Neutral/2718.jpg,1
Negative/2719.jpg,0
Negative/272.jpg,0
Negative/2720.jpg,0
Negative/2721.jpg,0
Negative/2723.jpg,0
Negative/2724.jpg,0
Negative/2725.jpg,0
Neutral/2726.jpg,1
Negative/2727.jpg,0
Negative/2728.jpg,0
Neutral/2729.jpg,1
Neutral/273.jpg,1
Negative/2730.jpg,0
Neutral/2731.jpg,1
Positive/2732.jpg,2
Negative/2734.jpg,0
Neutral/2735.jpg,1
Neutral/2736.jpg,1
Negative/2737.jpg,0
Neutral/2738.jpg,1
Negative/2739.jpg,0
Negative/274.jpg,0
Neutral/2740.jpg,1
Negative/2741.jpg,0
Neutral/2742.jpg,1
Negative/2743.jpg,0
Positive/2744.jpg,2
Neutral/2745.jpg,1
Negative/2746.jpg,0
Negative/2747.jpg,0
Neutral/2748.jpg,1
Negative/2749.jpg,0
Neutral/275.jpg,1
Positive/2750.jpg,2
Positive/2751.jpg,2
Positive/2752.jpg,2
Positive/2753.jpg,2
Negative/2754.jpg,0
Neutral/2755.jpg,1
Positive/2757.jpg,2
Neutral/2758.jpg,1
Positive/276.jpg,2
Neutral/2760.jpg,1
Negative/2761.jpg,0
Negative/2762.jpg,0
Negative/2763.jpg,0
Negative/2764.jpg,0
Negative/2765.jpg,0
Negative/2766.jpg,0
Positive/2767.jpg,2
Positive/2768.jpg,2
Positive/2769.jpg,2
Positive/277.jpg,2
Positive/2770.jpg,2
Positive/2771.jpg,2
Positive/2772.jpg,2
Positive/2773.jpg,2
Positive/2774.jpg,2
Positive/2775.jpg,2
Neutral/2776.jpg,1
Positive/2778.jpg,2
Positive/278.jpg,2
Positive/2780.jpg,2
Negative/2781.jpg,0
Neutral/2782.jpg,1
Neutral/2783.jpg,1
Positive/2784.jpg,2
Neutral/2785.jpg,1
Positive/2786.jpg,2
Positive/2787.jpg,2
Positive/2788.jpg,2
Neutral/2789.jpg,1
Positive/279.jpg,2
Neutral/2790.jpg,1
Positive/2791.jpg,2
Neutral/2792.jpg,1
Neutral/2793.jpg,1
Neutral/2794.jpg,1
Positive/2795.jpg,2
Neutral/2796.jpg,1
Positive/2797.jpg,2
Positive/2798.jpg,2
Positive/2799.jpg,2
Positive/28.jpg,2
Neutral/280.jpg,1
Neutral/2800.jpg,1
Positive/2801.jpg,2
Positive/2803.jpg,2
Positive/2804.jpg,2
Positive/2806.jpg,2
Positive/2807.jpg,2
Positive/2808.jpg,2
Negative/2809.jpg,0
Positive/281.jpg,2
Neutral/2810.jpg,1
Negative/2811.jpg,0
Negative/2812.jpg,0
Positive/2813.jpg,2
Positive/2814.jpg,2
Positive/2815.jpg,2
Negative/2816.jpg,0
Negative/2817.jpg,0
Neutral/2818.jpg,1
Positive/2819.jpg,2
Positive/282.jpg,2
Positive/2820.jpg,2
Positive/2821.jpg,2
Neutral/2822.jpg,1
Negative/2823.jpg,0
Negative/2824.jpg,0
Positive/2826.jpg,2
Positive/2827.jpg,2
Neutral/2828.jpg,1
Neutral/2829.jpg,1
Neutral/283.jpg,1
Positive/2830.jpg,2
Positive/2832.jpg,2
Neutral/2833.jpg,1
Negative/2836.jpg,0
Neutral/2837.jpg,1
Neutral/2838.jpg,1
Negative/2839.jpg,0
Positive/284.jpg,2
Negative/2840.jpg,0
Positive/2841.jpg,2
Negative/2842.jpg,0
Negative/2843.jpg,0
Neutral/2844.jpg,1
Positive/2845.jpg,2
Negative/2846.jpg,0
Negative/2847.jpg,0
Negative/2848.jpg,0
Negative/2849.jpg,0
Positive/285.jpg,2
Positive/2850.jpg,2
Positive/2851.jpg,2
Positive/2852.jpg,2
Positive/2853.jpg,2
Neutral/2854.jpg,1
Positive/2855.jpg,2
Positive/2856.jpg,2
Positive/2858.jpg,2
Neutral/2859.jpg,1
Positive/286.jpg,2
Negative/2860.jpg,0
Positive/2861.jpg,2
Neutral/2862.jpg,1
Positive/2863.jpg,2
Positive/2864.jpg,2
Negative/2865.jpg,0
Negative/2866.jpg,0
Negative/2867.jpg,0
Neutral/2868.jpg,1
Negative/2869.jpg,0
Positive/287.jpg,2
Positive/2870.jpg,2
Positive/2871.jpg,2
Negative/2872.jpg,0
Neutral/2873.jpg,1
Neutral/2874.jpg,1
Negative/2875.jpg,0
Positive/2877.jpg,2
Positive/2878.jpg,2
Neutral/2879.jpg,1
Positive/288.jpg,2
Neutral/2880.jpg,1
Negative/2881.jpg,0
Negative/2882.jpg,0
Neutral/2883.jpg,1
Negative/2884.jpg,0
Negative/2885.jpg,0
Neutral/2886.jpg,1
Negative/2887.jpg,0
Negative/2888.jpg,0
Positive/289.jpg,2
Neutral/2890.jpg,1
Positive/2891.jpg,2
Positive/2892.jpg,2
Positive/2893.jpg,2
Positive/2894.jpg,2
Negative/2895.jpg,0
Negative/2896.jpg,0
Neutral/2897.jpg,1
Negative/2898.jpg,0
Neutral/2899.jpg,1
Positive/29.jpg,2
Positive/290.jpg,2
Negative/2900.jpg,0
Positive/2901.jpg,2
Neutral/2902.jpg,1
Positive/2903.jpg,2
Neutral/2904.jpg,1
Positive/2905.jpg,2
Negative/2907.jpg,0
Positive/2908.jpg,2
Positive/291.jpg,2
Positive/2910.jpg,2
Positive/2911.jpg,2
Positive/2912.jpg,2
Negative/2913.jpg,0
Neutral/2914.jpg,1
Neutral/2915.jpg,1
Neutral/2916.jpg,1
Neutral/2917.jpg,1
Negative/2918.jpg,0
Positive/2919.jpg,2
Neutral/292.jpg,1
Neutral/2920.jpg,1
Neutral/2922.jpg,1
Neutral/2923.jpg,1
Neutral/2924.jpg,1
Neutral/2925.jpg,1
Positive/2926.jpg,2
Neutral/2927.jpg,1
Neutral/2928.jpg,1
Neutral/2929.jpg,1
Positive/293.jpg,2
Neutral/2930.jpg,1
Neutral/2931.jpg,1
Neutral/2932.jpg,1
Neutral/2933.jpg,1
Positive/2934.jpg,2
Neutral/2935.jpg,1
Negative/2936.jpg,0
Neutral/2937.jpg,1
Positive/2938.jpg,2
Negative/2939.jpg,0
Positive/294.jpg,2
Positive/2940.jpg,2
Neutral/2941.jpg,1
Neutral/2942.jpg,1
Neutral/2943.jpg,1
Neutral/2944.jpg,1
Negative/2945.jpg,0
Neutral/2946.jpg,1
Neutral/2947.jpg,1
Negative/2948.jpg,0
Positive/2949.jpg,2
Positive/295.jpg,2
Neutral/2950.jpg,1
Neutral/2951.jpg,1
Neutral/2952.jpg,1
Neutral/2953.jpg,1
Neutral/2954.jpg,1
Neutral/2955.jpg,1
Neutral/2956.jpg,1
Positive/2957.jpg,2
Neutral/2958.jpg,1
Neutral/2959.jpg,1
Positive/296.jpg,2
Neutral/2960.jpg,1
Positive/2961.jpg,2
Neutral/2962.jpg,1
Positive/2963.jpg,2
Neutral/2964.jpg,1
Neutral/2965.jpg,1
Positive/2966.jpg,2
Positive/2967.jpg,2
Positive/2968.jpg,2
Positive/2969.jpg,2
Negative/297.jpg,0
Positive/2970.jpg,2
Positive/2971.jpg,2
Positive/2972.jpg,2
Negative/2973.jpg,0
Neutral/2974.jpg,1
Neutral/2975.jpg,1
Positive/2976.jpg,2
Neutral/2977.jpg,1
Neutral/2978.jpg,1
Neutral/2979.jpg,1
Positive/298.jpg,2
Positive/2980.jpg,2
Neutral/2981.jpg,1
Negative/2982.jpg,0
Negative/2983.jpg,0
Negative/2984.jpg,0
Negative/2985.jpg,0
Neutral/2986.jpg,1
Positive/2987.jpg,2
Neutral/2988.jpg,1
Negative/2989.jpg,0
Positive/299.jpg,2
Positive/2990.jpg,2
Neutral/2991.jpg,1
Negative/2992.jpg,0
Neutral/2993.jpg,1
Positive/2994.jpg,2
Positive/2995.jpg,2
Positive/2996.jpg,2
Neutral/2997.jpg,1
Neutral/2998.jpg,1
Positive/2999.jpg,2
Positive/3.jpg,2
Positive/30.jpg,2
Positive/300.jpg,2
Positive/3001.jpg,2
Neutral/3002.jpg,1
Neutral/3003.jpg,1
Negative/3004.jpg,0
Negative/3005.jpg,0
Neutral/3006.jpg,1
Negative/3007.jpg,0
Negative/3008.jpg,0
Neutral/3009.jpg,1
Neutral/301.jpg,1
Neutral/3010.jpg,1
Negative/3012.jpg,0
Neutral/3013.jpg,1
Positive/3014.jpg,2
Neutral/3015.jpg,1
Negative/3016.jpg,0
Neutral/3017.jpg,1
Positive/3018.jpg,2
Positive/3019.jpg,2
Negative/302.jpg,0
Positive/3020.jpg,2
Positive/3021.jpg,2
Positive/3022.jpg,2
Positive/3023.jpg,2
Positive/3024.jpg,2
Positive/3025.jpg,2
Positive/3026.jpg,2
Positive/3027.jpg,2
Positive/3028.jpg,2
Positive/3029.jpg,2
Positive/303.jpg,2
Positive/3030.jpg,2
Positive/3031.jpg,2
Positive/3032.jpg,2
Positive/3033.jpg,2
Positive/3034.jpg,2
Positive/3035.jpg,2
Positive/3036.jpg,2
Positive/3037.jpg,2
Positive/3038.jpg,2
Positive/3039.jpg,2
Neutral/304.jpg,1
Neutral/3040.jpg,1
Neutral/3041.jpg,1
Neutral/3042.jpg,1
Neutral/3043.jpg,1
Neutral/3044.jpg,1
Neutral/3045.jpg,1
Neutral/3046.jpg,1
Negative/3047.jpg,0
Neutral/3048.jpg,1
Negative/3049.jpg,0
Positive/305.jpg,2
Neutral/3050.jpg,1
Negative/3051.jpg,0
Neutral/3052.jpg,1
Neutral/3055.jpg,1
Neutral/3056.jpg,1
Positive/3057.jpg,2
Neutral/3058.jpg,1
Positive/3059.jpg,2
Positive/306.jpg,2
Neutral/3060.jpg,1
Negative/3061.jpg,0
Negative/3062.jpg,0
Neutral/3063.jpg,1
Negative/3064.jpg,0
Neutral/3065.jpg,1
Positive/3066.jpg,2
Neutral/3067.jpg,1
Positive/3068.jpg,2
Positive/3069.jpg,2
Neutral/307.jpg,1
Positive/3070.jpg,2
Positive/3071.jpg,2
Neutral/3072.jpg,1
Positive/3073.jpg,2
Neutral/3074.jpg,1
Neutral/3075.jpg,1
Neutral/3076.jpg,1
Negative/3077.jpg,0
Negative/3078.jpg,0
Negative/3079.jpg,0
Neutral/308.jpg,1
Negative/3080.jpg,0
Negative/3081.jpg,0
Negative/3082.jpg,0
Negative/3083.jpg,0
Negative/3085.jpg,0
Positive/3086.jpg,2
Negative/3087.jpg,0
Negative/3088.jpg,0
Neutral/3089.jpg,1
Neutral/309.jpg,1
Negative/3090.jpg,0
Neutral/3091.jpg,1
Negative/3092.jpg,0
Negative/3093.jpg,0
Negative/3094.jpg,0
Negative/3095.jpg,0
Positive/3096.jpg,2
Neutral/3097.jpg,1
Positive/3098.jpg,2
Positive/3099.jpg,2
Positive/31.jpg,2
Positive/310.jpg,2
Neutral/3100.jpg,1
Positive/3101.jpg,2
Negative/3102.jpg,0
Neutral/3103.jpg,1
Negative/3104.jpg,0
Negative/3105.jpg,0
Negative/3106.jpg,0
Neutral/3107.jpg,1
Negative/3108.jpg,0
Positive/3109.jpg,2
Neutral/311.jpg,1
Neutral/3110.jpg,1
Positive/3111.jpg,2
Negative/3112.jpg,0
Negative/3113.jpg,0
Negative/3114.jpg,0
Positive/3115.jpg,2
Positive/3116.jpg,2
Neutral/3117.jpg,1
Negative/3118.jpg,0
Negative/3119.jpg,0
Negative/312.jpg,0
Neutral/3120.jpg,1
Neutral/3121.jpg,1
Negative/3122.jpg,0
Positive/3123.jpg,2
Positive/3124.jpg,2
Neutral/3125.jpg,1
Neutral/3126.jpg,1
Neutral/3127.jpg,1
Positive/3128.jpg,2
Negative/3129.jpg,0
Negative/313.jpg,0
Negative/3130.jpg,0
Negative/3131.jpg,0
Negative/3132.jpg,0
Neutral/3133.jpg,1
Negative/3134.jpg,0
Positive/3135.jpg,2
Negative/3136.jpg,0
Negative/3137.jpg,0
Negative/3138.jpg,0
Negative/3139.jpg,0
Neutral/314.jpg,1
Positive/3140.jpg,2
Negative/3141.jpg,0
Positive/3142.jpg,2
Neutral/3143.jpg,1
Positive/3144.jpg,2
Positive/3146.jpg,2
Neutral/3147.jpg,1
Positive/3148.jpg,2
Neutral/3149.jpg,1
Positive/315.jpg,2
Positive/3150.jpg,2
Negative/3151.jpg,0
Neutral/3152.jpg,1
Neutral/3154.jpg,1
Neutral/3155.jpg,1
Positive/3156.jpg,2
Neutral/3157.jpg,1
Neutral/3159.jpg,1
Negative/316.jpg,0
Negative/3160.jpg,0
Positive/3161.jpg,2
Positive/3162.jpg,2
Neutral/3163.jpg,1
Positive/3164.jpg,2
Negative/3165.jpg,0
Negative/3166.jpg,0
Neutral/3167.jpg,1
Negative/3168.jpg,0
Negative/3169.jpg,0
Negative/317.jpg,0
Negative/3170.jpg,0
Neutral/3171.jpg,1
Neutral/3172.jpg,1
Neutral/3173.jpg,1
Positive/3174.jpg,2
Negative/3175.jpg,0
Negative/3176.jpg,0
Negative/3177.jpg,0
Negative/3178.jpg,0
Negative/3179.jpg,0
Negative/318.jpg,0
Positive/3180.jpg,2
Positive/3181.jpg,2
Neutral/3182.jpg,1
Negative/3183.jpg,0
Neutral/3184.jpg,1
Positive/3185.jpg,2
Neutral/3186.jpg,1
Neutral/3187.jpg,1
Positive/3188.jpg,2
Positive/319.jpg,2
Neutral/3190.jpg,1
Neutral/3191.jpg,1
Negative/3192.jpg,0
Negative/3193.jpg,0
Positive/3194.jpg,2
Negative/3195.jpg,0
Negative/3196.jpg,0
Negative/3197.jpg,0
Negative/3198.jpg,0
Positive/3199.jpg,2
Positive/32.jpg,2
Negative/320.jpg,0
Negative/3200.jpg,0
Neutral/3201.jpg,1
Negative/3202.jpg,0
Positive/3203.jpg,2
Positive/3204.jpg,2
Positive/3205.jpg,2
Neutral/3206.jpg,1
Negative/3207.jpg,0
Negative/3208.jpg,0
Negative/3209.jpg,0
Neutral/321.jpg,1
Negative/3210.jpg,0
Positive/3211.jpg,2
Neutral/3212.jpg,1
Negative/3213.jpg,0
Positive/3214.jpg,2
Positive/3215.jpg,2
Positive/3216.jpg,2
Positive/3217.jpg,2
Neutral/3218.jpg,1
Neutral/3219.jpg,1
Neutral/322.jpg,1
Positive/3220.jpg,2
Negative/3221.jpg,0
Neutral/3222.jpg,1
Positive/3223.jpg,2
Negative/3224.jpg,0
Negative/3225.jpg,0
Neutral/3226.jpg,1
Neutral/3227.jpg,1
Negative/3228.jpg,0
Neutral/3229.jpg,1
Negative/323.jpg,0
Negative/3230.jpg,0
Negative/3231.jpg,0
Neutral/3232.jpg,1
Negative/3233.jpg,0
Positive/3234.jpg,2
Neutral/3235.jpg,1
Neutral/3236.jpg,1
Positive/3237.jpg,2
Neutral/3238.jpg,1
Neutral/3239.jpg,1
Negative/324.jpg,0
Neutral/3240.jpg,1
Positive/3241.jpg,2
Neutral/3242.jpg,1
Neutral/3243.jpg,1
Positive/3244.jpg,2
Neutral/3245.jpg,1
Neutral/3246.jpg,1
Neutral/3247.jpg,1
Neutral/3248.jpg,1
Positive/3249.jpg,2
Negative/325.jpg,0
Neutral/3250.jpg,1
Positive/3251.jpg,2
Neutral/3252.jpg,1
Positive/3253.jpg,2
Positive/3254.jpg,2
Positive/3255.jpg,2
Positive/3256.jpg,2
Neutral/3257.jpg,1
Positive/3258.jpg,2
Positive/3259.jpg,2
Negative/326.jpg,0
Neutral/3260.jpg,1
Positive/3261.jpg,2
Positive/3262.jpg,2
Positive/3263.jpg,2
Positive/3264.jpg,2
Positive/3265.jpg,2
Positive/3266.jpg,2
Positive/3267.jpg,2
Positive/3268.jpg,2
Positive/3269.jpg,2
Neutral/327.jpg,1
Positive/3270.jpg,2
Neutral/3271.jpg,1
Negative/3272.jpg,0
Neutral/3273.jpg,1
Negative/3274.jpg,0
Neutral/3275.jpg,1
Neutral/3276.jpg,1
Negative/3277.jpg,0
Negative/3278.jpg,0
Negative/3279.jpg,0
Negative/328.jpg,0
Neutral/3280.jpg,1
Negative/3281.jpg,0
Neutral/3282.jpg,1
Negative/3283.jpg,0
Negative/3284.jpg,0
Positive/3285.jpg,2
Positive/3286.jpg,2
Positive/3287.jpg,2
Positive/3288.jpg,2
Positive/3289.jpg,2
Positive/329.jpg,2
Positive/3290.jpg,2
Positive/3291.jpg,2
Positive/3292.jpg,2
Positive/3293.jpg,2
Positive/3294.jpg,2
Neutral/3295.jpg,1
Positive/3296.jpg,2
Positive/3297.jpg,2
Neutral/3298.jpg,1
Neutral/3299.jpg,1
Positive/33.jpg,2
Neutral/330.jpg,1
Neutral/3300.jpg,1
Neutral/3301.jpg,1
Neutral/3302.jpg,1
Positive/3303.jpg,2
Neutral/3304.jpg,1
Neutral/3305.jpg,1
Neutral/3306.jpg,1
Neutral/3307.jpg,1
Neutral/3308.jpg,1
Neutral/3309.jpg,1
Neutral/331.jpg,1
Neutral/3310.jpg,1
Neutral/3311.jpg,1
Negative/3312.jpg,0
Neutral/3313.jpg,1
Negative/3314.jpg,0
Positive/3315.jpg,2
Neutral/3316.jpg,1
Positive/3317.jpg,2
Neutral/3318.jpg,1
Neutral/3319.jpg,1
Neutral/332.jpg,1
Positive/3320.jpg,2
Neutral/3321.jpg,1
Positive/3322.jpg,2
Neutral/3323.jpg,1
Positive/3324.jpg,2
Positive/3325.jpg,2
Neutral/3326.jpg,1
Neutral/3327.jpg,1
Neutral/3328.jpg,1
Neutral/3329.jpg,1
Negative/333.jpg,0
Positive/3330.jpg,2
Positive/3331.jpg,2
Negative/3332.jpg,0
Negative/3333.jpg,0
Negative/3334.jpg,0
Neutral/3335.jpg,1
Negative/3336.jpg,0
Neutral/3337.jpg,1
Positive/3338.jpg,2
Positive/3339.jpg,2
Negative/334.jpg,0
Positive/3340.jpg,2
Positive/3341.jpg,2
Positive/3342.jpg,2
Positive/3343.jpg,2
Positive/3344.jpg,2
Negative/3345.jpg,0
Neutral/3346.jpg,1
Negative/3347.jpg,0
Neutral/3348.jpg,1
Positive/3349.jpg,2
Negative/335.jpg,0
Positive/3350.jpg,2
Neutral/3351.jpg,1
Neutral/3352.jpg,1
Neutral/3353.jpg,1
Positive/3354.jpg,2
Negative/3355.jpg,0
Negative/3356.jpg,0
Negative/3357.jpg,0
Positive/3358.jpg,2
Negative/3359.jpg,0
Positive/336.jpg,2
Negative/3360.jpg,0
Neutral/3361.jpg,1
Negative/3362.jpg,0
Positive/3363.jpg,2
Neutral/3364.jpg,1
Negative/3365.jpg,0
Negative/3366.jpg,0
Negative/3367.jpg,0
Negative/3368.jpg,0
Neutral/3369.jpg,1
Neutral/337.jpg,1
Neutral/3370.jpg,1
Positive/3371.jpg,2
Positive/3372.jpg,2
Neutral/3373.jpg,1
Neutral/3374.jpg,1
Positive/3375.jpg,2
Positive/3376.jpg,2
Positive/3377.jpg,2
Positive/3378.jpg,2
Positive/3379.jpg,2
Positive/338.jpg,2
Neutral/3380.jpg,1
Neutral/3381.jpg,1
Neutral/3382.jpg,1
Positive/3383.jpg,2
Neutral/3384.jpg,1
Positive/3385.jpg,2
Neutral/3386.jpg,1
Neutral/3387.jpg,1
Neutral/3388.jpg,1
Positive/3389.jpg,2
Positive/339.jpg,2
Negative/3390.jpg,0
Negative/3391.jpg,0
Negative/3392.jpg,0
Negative/3393.jpg,0
Negative/3394.jpg,0
Positive/3395.jpg,2
Negative/3396.jpg,0
Positive/3397.jpg,2
Negative/3398.jpg,0
Negative/3399.jpg,0
Positive/34.jpg,2
Positive/340.jpg,2
Positive/3400.jpg,2
Positive/3401.jpg,2
Negative/3402.jpg,0
Negative/3403.jpg,0
Negative/3404.jpg,0
Negative/3405.jpg,0
Neutral/3406.jpg,1
Negative/3407.jpg,0
Positive/3408.jpg,2
Negative/3409.jpg,0
Positive/341.jpg,2
Negative/3410.jpg,0
Negative/3411.jpg,0
Neutral/3412.jpg,1
Neutral/3413.jpg,1
Negative/3414.jpg,0
Negative/3415.jpg,0
Neutral/3416.jpg,1
Neutral/3417.jpg,1
Positive/3418.jpg,2
Negative/3419.jpg,0
Negative/342.jpg,0
Negative/3420.jpg,0
Positive/3421.jpg,2
Neutral/3422.jpg,1
Neutral/3423.jpg,1
Neutral/3424.jpg,1
Positive/3425.jpg,2
Neutral/3426.jpg,1
Neutral/3427.jpg,1
Neutral/3428.jpg,1
Negative/3429.jpg,0
Positive/343.jpg,2
Neutral/3430.jpg,1
Neutral/3431.jpg,1
Neutral/3432.jpg,1
Neutral/3433.jpg,1
Negative/3434.jpg,0
Negative/3435.jpg,0
Negative/3436.jpg,0
Positive/3437.jpg,2
Positive/3439.jpg,2
Neutral/344.jpg,1
Positive/3440.jpg,2
Negative/3441.jpg,0
Positive/3442.jpg,2
Negative/3443.jpg,0
Positive/3444.jpg,2
Neutral/3445.jpg,1
Negative/3446.jpg,0
Negative/3447.jpg,0
Negative/3448.jpg,0
Negative/3449.jpg,0
Negative/345.jpg,0
Neutral/3450.jpg,1
Neutral/3451.jpg,1
Neutral/3452.jpg,1
Negative/3453.jpg,0
Positive/3454.jpg,2
Positive/3455.jpg,2
Negative/3456.jpg,0
Neutral/3457.jpg,1
Positive/3458.jpg,2
Negative/3459.jpg,0
Negative/346.jpg,0
Neutral/3460.jpg,1
Positive/3461.jpg,2
Negative/3462.jpg,0
Neutral/3463.jpg,1
Negative/3464.jpg,0
Negative/3465.jpg,0
Positive/3466.jpg,2
Positive/3467.jpg,2
Positive/3468.jpg,2
Positive/3469.jpg,2
Negative/347.jpg,0
Positive/3470.jpg,2
Positive/3472.jpg,2
Positive/3473.jpg,2
Neutral/3474.jpg,1
Negative/3475.jpg,0
Negative/3476.jpg,0
Neutral/3477.jpg,1
Neutral/3478.jpg,1
Negative/3479.jpg,0
Negative/348.jpg,0
Negative/3480.jpg,0
Negative/3481.jpg,0
Negative/3482.jpg,0
Negative/3483.jpg,0
Negative/3484.jpg,0
Negative/3485.jpg,0
Neutral/3486.jpg,1
Neutral/3487.jpg,1
Negative/3488.jpg,0
Neutral/3489.jpg,1
Negative/349.jpg,0
Positive/3490.jpg,2
Neutral/3491.jpg,1
Neutral/3492.jpg,1
Negative/3493.jpg,0
Positive/3494.jpg,2
Neutral/3495.jpg,1
Neutral/3496.jpg,1
Positive/3497.jpg,2
Positive/3498.jpg,2
Negative/3499.jpg,0
Neutral/35.jpg,1
Neutral/350.jpg,1
Positive/3500.jpg,2
Neutral/3501.jpg,1
Neutral/3502.jpg,1
Neutral/3503.jpg,1
Positive/3504.jpg,2
Positive/3505.jpg,2
Negative/3506.jpg,0
Negative/3507.jpg,0
Neutral/3508.jpg,1
Negative/3509.jpg,0
Neutral/351.jpg,1
Positive/3510.jpg,2
Neutral/3511.jpg,1
Negative/3512.jpg,0
Negative/3513.jpg,0
Negative/3515.jpg,0
Neutral/3516.jpg,1
Negative/3517.jpg,0
Negative/352.jpg,0
Negative/3520.jpg,0
Positive/3521.jpg,2
Negative/3522.jpg,0
Neutral/3523.jpg,1
Negative/3524.jpg,0
Positive/3525.jpg,2
Neutral/3526.jpg,1
Positive/3527.jpg,2
Neutral/3528.jpg,1
Positive/3529.jpg,2
Positive/353.jpg,2
Positive/3530.jpg,2
Neutral/3531.jpg,1
Negative/3532.jpg,0
Neutral/3533.jpg,1
Negative/3534.jpg,0
Positive/3535.jpg,2
Negative/3536.jpg,0
Negative/3537.jpg,0
Negative/3538.jpg,0
Negative/3539.jpg,0
Neutral/354.jpg,1
Negative/3540.jpg,0
Neutral/3541.jpg,1
Negative/3542.jpg,0
Negative/3543.jpg,0
Negative/3544.jpg,0
Positive/3545.jpg,2
Negative/3546.jpg,0
Neutral/3547.jpg,1
Negative/3548.jpg,0
Negative/3549.jpg,0
Positive/355.jpg,2
Neutral/3550.jpg,1
Positive/3551.jpg,2
Neutral/3552.jpg,1
Neutral/3553.jpg,1
Negative/3554.jpg,0
Negative/3555.jpg,0
Negative/3556.jpg,0
Negative/3557.jpg,0
Neutral/3558.jpg,1
Negative/3559.jpg,0
Neutral/356.jpg,1
Positive/3560.jpg,2
Negative/3561.jpg,0
Negative/3562.jpg,0
Negative/3563.jpg,0
Negative/3564.jpg,0
Negative/3565.jpg,0
Negative/3566.jpg,0
Negative/3567.jpg,0
Neutral/3568.jpg,1
Negative/3569.jpg,0
Neutral/357.jpg,1
Negative/3570.jpg,0
Negative/3571.jpg,0
Negative/3572.jpg,0
Negative/3573.jpg,0
Negative/3574.jpg,0
Negative/3575.jpg,0
Neutral/3576.jpg,1
Neutral/3577.jpg,1
Negative/3578.jpg,0
Neutral/3579.jpg,1
Neutral/358.jpg,1
Neutral/3580.jpg,1
Negative/3581.jpg,0
Neutral/3582.jpg,1
Negative/3583.jpg,0
Positive/3584.jpg,2
Negative/3585.jpg,0
Neutral/3586.jpg,1
Negative/3587.jpg,0
Negative/3588.jpg,0
Neutral/3589.jpg,1
Neutral/359.jpg,1
Negative/3590.jpg,0
Positive/3591.jpg,2
Negative/3592.jpg,0
Neutral/3593.jpg,1
Negative/3594.jpg,0
Positive/3595.jpg,2
Neutral/3596.jpg,1
Positive/3597.jpg,2
Positive/3598.jpg,2
Positive/3599.jpg,2
Positive/36.jpg,2
Neutral/360.jpg,1
Positive/3600.jpg,2
Neutral/3601.jpg,1
Neutral/3602.jpg,1
Neutral/3603.jpg,1
Positive/3604.jpg,2
Positive/3605.jpg,2
Neutral/3606.jpg,1
Neutral/3607.jpg,1
Neutral/3608.jpg,1
Neutral/3609.jpg,1
Negative/361.jpg,0
Positive/3610.jpg,2
Neutral/3611.jpg,1
Positive/3612.jpg,2
Positive/3613.jpg,2
Positive/3614.jpg,2
Positive/3615.jpg,2
Neutral/3616.jpg,1
Positive/3617.jpg,2
Neutral/3618.jpg,1
Neutral/3619.jpg,1
Neutral/362.jpg,1
Neutral/3620.jpg,1
Positive/3621.jpg,2
Neutral/3622.jpg,1
Positive/3623.jpg,2
Positive/3624.jpg,2
Neutral/3625.jpg,1
Positive/3626.jpg,2
Positive/3627.jpg,2
Neutral/3628.jpg,1
Negative/3629.jpg,0
Neutral/363.jpg,1
Negative/3630.jpg,0
Negative/3631.jpg,0
Positive/3632.jpg,2
Positive/3633.jpg,2
Negative/3634.jpg,0
Positive/3635.jpg,2
Positive/3636.jpg,2
Positive/3637.jpg,2
Positive/3638.jpg,2
Positive/3639.jpg,2
Positive/364.jpg,2
Positive/3640.jpg,2
Positive/3641.jpg,2
Positive/3642.jpg,2
Positive/3643.jpg,2
Positive/3644.jpg,2
Positive/3645.jpg,2
Positive/3646.jpg,2
Neutral/3647.jpg,1
Positive/3648.jpg,2
Positive/3649.jpg,2
Neutral/365.jpg,1
Positive/3650.jpg,2
Positive/3651.jpg,2
Neutral/3652.jpg,1
Negative/3653.jpg,0
Positive/3654.jpg,2
Negative/3655.jpg,0
Negative/3656.jpg,0
Neutral/3657.jpg,1
Positive/3658.jpg,2
Neutral/3659.jpg,1
Positive/366.jpg,2
Negative/3660.jpg,0
Negative/3661.jpg,0
Negative/3662.jpg,0
Negative/3663.jpg,0
Negative/3664.jpg,0
Negative/3665.jpg,0
Negative/3666.jpg,0
Negative/3667.jpg,0
Negative/3668.jpg,0
Negative/3669.jpg,0
Neutral/367.jpg,1
Negative/3670.jpg,0
Neutral/3671.jpg,1
Negative/3672.jpg,0
Neutral/3673.jpg,1
Neutral/3674.jpg,1
Positive/3675.jpg,2
Neutral/3676.jpg,1
Positive/3677.jpg,2
Neutral/3678.jpg,1
Positive/3679.jpg,2
Neutral/368.jpg,1
Negative/3680.jpg,0
Positive/3681.jpg,2
Positive/3682.jpg,2
Positive/3684.jpg,2
Neutral/3685.jpg,1
Neutral/3686.jpg,1
Negative/3687.jpg,0
Neutral/3688.jpg,1
Positive/3689.jpg,2
Negative/369.jpg,0
Positive/3690.jpg,2
Positive/3691.jpg,2
Positive/3692.jpg,2
Positive/3693.jpg,2
Positive/3694.jpg,2
Negative/3695.jpg,0
Positive/3696.jpg,2
Positive/3697.jpg,2
Neutral/3698.jpg,1
Negative/3699.jpg,0
Positive/37.jpg,2
Negative/370.jpg,0
Positive/3700.jpg,2
Positive/3701.jpg,2
Neutral/3703.jpg,1
Neutral/3704.jpg,1
Neutral/3705.jpg,1
Neutral/3706.jpg,1
Neutral/3708.jpg,1
Neutral/3709.jpg,1
Negative/371.jpg,0
Negative/3710.jpg,0
Neutral/3711.jpg,1
Positive/3712.jpg,2
Positive/3713.jpg,2
Neutral/3714.jpg,1
Neutral/3715.jpg,1
Neutral/3716.jpg,1
Neutral/3717.jpg,1
Positive/3718.jpg,2
Neutral/3719.jpg,1
Neutral/372.jpg,1
Positive/3720.jpg,2
Neutral/3721.jpg,1
Negative/3722.jpg,0
Negative/3723.jpg,0
Negative/3724.jpg,0
Neutral/3725.jpg,1
Negative/3726.jpg,0
Negative/3727.jpg,0
Neutral/3728.jpg,1
Neutral/3729.jpg,1
Neutral/373.jpg,1
Neutral/3730.jpg,1
Negative/3731.jpg,0
Neutral/3732.jpg,1
Negative/3733.jpg,0
Negative/3734.jpg,0
Neutral/3735.jpg,1
Negative/3736.jpg,0
Positive/3737.jpg,2
Positive/3738.jpg,2
Neutral/374.jpg,1
Positive/3740.jpg,2
Positive/3741.jpg,2
Positive/3742.jpg,2
Positive/3743.jpg,2
Positive/3744.jpg,2
Positive/3745.jpg,2
Neutral/3747.jpg,1
Positive/3748.jpg,2
Negative/3749.jpg,0
Neutral/375.jpg,1
Neutral/3750.jpg,1
Negative/3752.jpg,0
Neutral/3753.jpg,1
Negative/3754.jpg,0
Neutral/3755.jpg,1
Neutral/3756.jpg,1
Positive/3758.jpg,2
Neutral/3759.jpg,1
Negative/376.jpg,0
Positive/3760.jpg,2
Positive/3761.jpg,2
Positive/3762.jpg,2
Positive/3763.jpg,2
Positive/3764.jpg,2
Neutral/3765.jpg,1
Neutral/3766.jpg,1
Neutral/3767.jpg,1
Neutral/3768.jpg,1
Neutral/3769.jpg,1
Positive/377.jpg,2
Negative/3770.jpg,0
Negative/3771.jpg,0
Neutral/3772.jpg,1
Positive/3773.jpg,2
Negative/3774.jpg,0
Negative/3775.jpg,0
Negative/3776.jpg,0
Negative/3777.jpg,0
Negative/3778.jpg,0
Neutral/3779.jpg,1
Neutral/378.jpg,1
Negative/3780.jpg,0
Negative/3781.jpg,0
Negative/3782.jpg,0
Negative/3783.jpg,0
Negative/3784.jpg,0
Negative/3785.jpg,0
Negative/3786.jpg,0
Negative/3787.jpg,0
Negative/3788.jpg,0
Negative/3789.jpg,0
Positive/379.jpg,2
Neutral/3790.jpg,1
Neutral/3791.jpg,1
Neutral/3792.jpg,1
Negative/3793.jpg,0
Neutral/3794.jpg,1
Neutral/3795.jpg,1
Negative/3796.jpg,0
Neutral/3797.jpg,1
Positive/3798.jpg,2
Positive/3799.jpg,2
Positive/38.jpg,2
Neutral/380.jpg,1
Neutral/3800.jpg,1
Neutral/3801.jpg,1
Neutral/3802.jpg,1
Neutral/3805.jpg,1
Neutral/3806.jpg,1
Neutral/3807.jpg,1
Neutral/3808.jpg,1
Neutral/3809.jpg,1
Negative/381.jpg,0
Neutral/3811.jpg,1
Neutral/3812.jpg,1
Neutral/3813.jpg,1
Positive/3814.jpg,2
Positive/3815.jpg,2
Neutral/3816.jpg,1
Neutral/3817.jpg,1
Neutral/3818.jpg,1
Neutral/3819.jpg,1
Negative/382.jpg,0
Neutral/3820.jpg,1
Neutral/3821.jpg,1
Negative/3822.jpg,0
Negative/3823.jpg,0
Negative/3824.jpg,0
Negative/3825.jpg,0
Negative/3826.jpg,0
Negative/3827.jpg,0
Negative/3828.jpg,0
Negative/3829.jpg,0
Neutral/383.jpg,1
Negative/3830.jpg,0
Negative/3831.jpg,0
Positive/3832.jpg,2
Neutral/3833.jpg,1
Positive/3834.jpg,2
Negative/3835.jpg,0
Neutral/3836.jpg,1
Neutral/3837.jpg,1
Neutral/3838.jpg,1
Positive/3839.jpg,2
Negative/384.jpg,0
Neutral/3840.jpg,1
Positive/3841.jpg,2
Positive/3842.jpg,2
Neutral/3843.jpg,1
Negative/3844.jpg,0
Negative/3845.jpg,0
Positive/3846.jpg,2
Negative/3848.jpg,0
Negative/3849.jpg,0
Negative/385.jpg,0
Negative/3850.jpg,0
Neutral/3851.jpg,1
Negative/3852.jpg,0
Positive/3853.jpg,2
Positive/3854.jpg,2
Positive/3855.jpg,2
Positive/3856.jpg,2
Positive/3857.jpg,2
Positive/3858.jpg,2
Positive/3859.jpg,2
Positive/386.jpg,2
Positive/3860.jpg,2
Positive/3861.jpg,2
Positive/3862.jpg,2
Positive/3863.jpg,2
Positive/3864.jpg,2
Positive/3865.jpg,2
Neutral/3866.jpg,1
Positive/3867.jpg,2
Negative/3868.jpg,0
Negative/3869.jpg,0
Negative/387.jpg,0
Positive/3870.jpg,2
Positive/3871.jpg,2
Positive/3872.jpg,2
Positive/3873.jpg,2
Positive/3874.jpg,2
Neutral/3875.jpg,1
Positive/3876.jpg,2
Negative/3877.jpg,0
Neutral/3878.jpg,1
Neutral/3879.jpg,1
Negative/388.jpg,0
Neutral/3880.jpg,1
Neutral/3881.jpg,1
Positive/3882.jpg,2
Positive/3883.jpg,2
Neutral/3884.jpg,1
Neutral/3885.jpg,1
Neutral/3886.jpg,1
Neutral/3887.jpg,1
Neutral/3888.jpg,1
Neutral/3889.jpg,1
Positive/389.jpg,2
Neutral/3890.jpg,1
Neutral/3891.jpg,1
Neutral/3892.jpg,1
Neutral/3893.jpg,1
Neutral/3894.jpg,1
Positive/3896.jpg,2
Neutral/3897.jpg,1
Neutral/3898.jpg,1
Positive/3899.jpg,2
Neutral/39.jpg,1
Neutral/390.jpg,1
Positive/3900.jpg,2
Negative/3901.jpg,0
Negative/3902.jpg,0
Positive/3903.jpg,2
Positive/3904.jpg,2
Negative/3905.jpg,0
Negative/3907.jpg,0
Negative/3909.jpg,0
Negative/391.jpg,0
Neutral/3910.jpg,1
Neutral/3911.jpg,1
Positive/3912.jpg,2
Negative/3913.jpg,0
Neutral/3914.jpg,1
Positive/3915.jpg,2
Neutral/3916.jpg,1
Negative/3917.jpg,0
Negative/3918.jpg,0
Negative/3919.jpg,0
Neutral/392.jpg,1
Neutral/3920.jpg,1
Neutral/3921.jpg,1
Negative/3922.jpg,0
Negative/3923.jpg,0
Negative/3924.jpg,0
Neutral/3925.jpg,1
Positive/3926.jpg,2
Neutral/3927.jpg,1
Neutral/3928.jpg,1
Positive/3929.jpg,2
Negative/393.jpg,0
Neutral/3930.jpg,1
Neutral/3931.jpg,1
Negative/3932.jpg,0
Negative/3933.jpg,0
Neutral/3934.jpg,1
Positive/3935.jpg,2
Positive/3936.jpg,2
Positive/3937.jpg,2
Negative/3938.jpg,0
Neutral/3939.jpg,1
Negative/394.jpg,0
Positive/3940.jpg,2
Negative/3941.jpg,0
Neutral/3942.jpg,1
Positive/3943.jpg,2
Negative/3944.jpg,0
Positive/3945.jpg,2
Neutral/3946.jpg,1
Neutral/3947.jpg,1
Negative/3948.jpg,0
Negative/3949.jpg,0
Negative/395.jpg,0
Negative/3950.jpg,0
Negative/3951.jpg,0
Negative/3952.jpg,0
Negative/3953.jpg,0
Negative/3954.jpg,0
Negative/3955.jpg,0
Negative/3956.jpg,0
Negative/3957.jpg,0
Negative/3958.jpg,0
Negative/3959.jpg,0
Positive/396.jpg,2
Positive/3961.jpg,2
Neutral/3962.jpg,1
Positive/3963.jpg,2
Neutral/3964.jpg,1
Positive/3965.jpg,2
Negative/3966.jpg,0
Negative/3967.jpg,0
Neutral/3968.jpg,1
Positive/3969.jpg,2
Positive/397.jpg,2
Neutral/3970.jpg,1
Neutral/3971.jpg,1
Neutral/3972.jpg,1
Neutral/3973.jpg,1
Positive/3974.jpg,2
Neutral/3975.jpg,1
Positive/3976.jpg,2
Negative/3977.jpg,0
Neutral/3978.jpg,1
Neutral/3979.jpg,1
Negative/398.jpg,0
Negative/3980.jpg,0
Neutral/3981.jpg,1
Positive/3982.jpg,2
Neutral/3983.jpg,1
Negative/3984.jpg,0
Neutral/3985.jpg,1
Neutral/3986.jpg,1
Neutral/3987.jpg,1
Neutral/3988.jpg,1
Negative/3989.jpg,0
Positive/399.jpg,2
Neutral/3990.jpg,1
Neutral/3991.jpg,1
Neutral/3992.jpg,1
Neutral/3993.jpg,1
Negative/3994.jpg,0
Neutral/3995.jpg,1
Neutral/3996.jpg,1
Negative/3997.jpg,0
Negative/3998.jpg,0
Positive/3999.jpg,2
Positive/4.jpg,2
Neutral/40.jpg,1
Neutral/400.jpg,1
Neutral/4000.jpg,1
Neutral/4001.jpg,1
Neutral/4002.jpg,1
Neutral/4003.jpg,1
Negative/4004.jpg,0
Negative/4005.jpg,0
Neutral/4006.jpg,1
Positive/4007.jpg,2
Neutral/4008.jpg,1
Negative/4009.jpg,0
Neutral/401.jpg,1
Negative/4010.jpg,0
Positive/4011.jpg,2
Positive/4012.jpg,2
Negative/4013.jpg,0
Positive/4014.jpg,2
Neutral/4015.jpg,1
Positive/4016.jpg,2
Positive/4017.jpg,2
Neutral/4018.jpg,1
Negative/4019.jpg,0
Positive/402.jpg,2
Positive/4020.jpg,2
Positive/4021.jpg,2
Positive/4022.jpg,2
Positive/4023.jpg,2
Neutral/4024.jpg,1
Neutral/4025.jpg,1
Neutral/4026.jpg,1
Positive/4027.jpg,2
Neutral/4028.jpg,1
Neutral/4029.jpg,1
Positive/403.jpg,2
Neutral/4030.jpg,1
Neutral/4031.jpg,1
Neutral/4032.jpg,1
Positive/4033.jpg,2
Neutral/4034.jpg,1
Negative/4035.jpg,0
Negative/4036.jpg,0
Negative/4037.jpg,0
Negative/4038.jpg,0
Neutral/4039.jpg,1
Negative/404.jpg,0
Neutral/4040.jpg,1
Neutral/4041.jpg,1
Negative/4042.jpg,0
Neutral/4043.jpg,1
Negative/4044.jpg,0
Negative/4045.jpg,0
Negative/4046.jpg,0
Neutral/4047.jpg,1
Negative/4048.jpg,0
Positive/4049.jpg,2
Neutral/405.jpg,1
Neutral/4050.jpg,1
Neutral/4051.jpg,1
Neutral/4052.jpg,1
Positive/4053.jpg,2
Neutral/4054.jpg,1
Neutral/4055.jpg,1
Neutral/4056.jpg,1
Negative/4057.jpg,0
Neutral/4058.jpg,1
Neutral/4059.jpg,1
Positive/406.jpg,2
Neutral/4060.jpg,1
Negative/4061.jpg,0
Negative/4062.jpg,0
Neutral/4063.jpg,1
Negative/4064.jpg,0
Neutral/4065.jpg,1
Negative/4066.jpg,0
Neutral/4067.jpg,1
Neutral/4068.jpg,1
Neutral/4069.jpg,1
Neutral/407.jpg,1
Neutral/4070.jpg,1
Negative/4071.jpg,0
Neutral/4072.jpg,1
Neutral/4073.jpg,1
Positive/4074.jpg,2
Neutral/4075.jpg,1
Neutral/4076.jpg,1
Neutral/4077.jpg,1
Negative/4078.jpg,0
Negative/4079.jpg,0
Negative/408.jpg,0
Negative/4080.jpg,0
Neutral/4081.jpg,1
Neutral/4082.jpg,1
Negative/4083.jpg,0
Positive/4084.jpg,2
Neutral/4085.jpg,1
Neutral/4086.jpg,1
Negative/4087.jpg,0
Neutral/4088.jpg,1
Neutral/4089.jpg,1
Positive/409.jpg,2
Neutral/4090.jpg,1
Neutral/4091.jpg,1
Neutral/4092.jpg,1
Neutral/4093.jpg,1
Neutral/4094.jpg,1
Positive/4095.jpg,2
Neutral/4096.jpg,1
Neutral/4097.jpg,1
Neutral/4098.jpg,1
Positive/4099.jpg,2
Negative/41.jpg,0
Negative/410.jpg,0
Neutral/4100.jpg,1
Neutral/4101.jpg,1
Neutral/4102.jpg,1
Neutral/4103.jpg,1
Neutral/4104.jpg,1
Neutral/4105.jpg,1
Neutral/4106.jpg,1
Neutral/4107.jpg,1
Positive/4108.jpg,2
Neutral/4109.jpg,1
Positive/411.jpg,2
Positive/4110.jpg,2
Neutral/4111.jpg,1
Positive/4112.jpg,2
Neutral/4113.jpg,1
Negative/4114.jpg,0
Neutral/4115.jpg,1
Neutral/4116.jpg,1
Neutral/4117.jpg,1
Neutral/4118.jpg,1
Neutral/4119.jpg,1
Positive/412.jpg,2
Negative/4120.jpg,0
Neutral/4121.jpg,1
Neutral/4122.jpg,1
Neutral/4123.jpg,1
Neutral/4124.jpg,1
Negative/4125.jpg,0
Neutral/4126.jpg,1
Negative/4127.jpg,0
Positive/4128.jpg,2
Negative/4129.jpg,0
Positive/413.jpg,2
Neutral/4130.jpg,1
Neutral/4131.jpg,1
Negative/4132.jpg,0
Neutral/4133.jpg,1
Neutral/4134.jpg,1
Neutral/4135.jpg,1
Negative/4136.jpg,0
Positive/4137.jpg,2
Neutral/4138.jpg,1
Neutral/4139.jpg,1
Neutral/414.jpg,1
Neutral/4140.jpg,1
Positive/4141.jpg,2
Negative/4142.jpg,0
Neutral/4143.jpg,1
Neutral/4144.jpg,1
Neutral/4145.jpg,1
Neutral/4146.jpg,1
Neutral/4147.jpg,1
Neutral/4148.jpg,1
Negative/4149.jpg,0
Neutral/415.jpg,1
Neutral/4150.jpg,1
Neutral/4151.jpg,1
Positive/4152.jpg,2
Neutral/4153.jpg,1
Neutral/4154.jpg,1
Neutral/4155.jpg,1
Neutral/4156.jpg,1
Neutral/4157.jpg,1
Neutral/4158.jpg,1
Neutral/4159.jpg,1
Neutral/416.jpg,1
Neutral/4160.jpg,1
Neutral/4161.jpg,1
Neutral/4162.jpg,1
Neutral/4163.jpg,1
Neutral/4164.jpg,1
Negative/4165.jpg,0
Neutral/4166.jpg,1
Neutral/4167.jpg,1
Neutral/4168.jpg,1
Positive/4169.jpg,2
Positive/417.jpg,2
Neutral/4170.jpg,1
Neutral/4171.jpg,1
Neutral/4172.jpg,1
Negative/4173.jpg,0
Neutral/4174.jpg,1
Positive/4175.jpg,2
Neutral/4176.jpg,1
Negative/4177.jpg,0
Neutral/4178.jpg,1
Neutral/4179.jpg,1
Neutral/418.jpg,1
Negative/4180.jpg,0
Negative/4181.jpg,0
Negative/4182.jpg,0
Negative/4183.jpg,0
Negative/4184.jpg,0
Negative/4185.jpg,0
Positive/4186.jpg,2
Neutral/4187.jpg,1
Neutral/4188.jpg,1
Positive/4189.jpg,2
Neutral/419.jpg,1
Positive/4190.jpg,2
Positive/4191.jpg,2
Positive/4192.jpg,2
Positive/4193.jpg,2
Neutral/4194.jpg,1
Negative/4195.jpg,0
Negative/4196.jpg,0
Neutral/4197.jpg,1
Neutral/4198.jpg,1
Neutral/4199.jpg,1
Negative/42.jpg,0
Neutral/420.jpg,1
Neutral/4200.jpg,1
Negative/4201.jpg,0
Negative/4202.jpg,0
Negative/4203.jpg,0
Positive/4204.jpg,2
Negative/4205.jpg,0
Neutral/4206.jpg,1
Positive/4207.jpg,2
Positive/4208.jpg,2
Positive/4209.jpg,2
Neutral/421.jpg,1
Negative/4210.jpg,0
Positive/4211.jpg,2
Positive/4212.jpg,2
Neutral/4213.jpg,1
Negative/4214.jpg,0
Positive/4215.jpg,2
Positive/4216.jpg,2
Positive/4217.jpg,2
Negative/4218.jpg,0
Neutral/4219.jpg,1
Negative/422.jpg,0
Positive/4220.jpg,2
Neutral/4221.jpg,1
Neutral/4222.jpg,1
Positive/4223.jpg,2
Neutral/4224.jpg,1
Negative/4225.jpg,0
Neutral/4226.jpg,1
Neutral/4227.jpg,1
Neutral/4228.jpg,1
Positive/4229.jpg,2
Neutral/423.jpg,1
Positive/4230.jpg,2
Neutral/4231.jpg,1
Neutral/4232.jpg,1
Positive/4233.jpg,2
Neutral/4234.jpg,1
Positive/4235.jpg,2
Negative/4236.jpg,0
Positive/4237.jpg,2
Positive/4238.jpg,2
Neutral/4239.jpg,1
Positive/424.jpg,2
Positive/4240.jpg,2
Neutral/4241.jpg,1
Positive/4242.jpg,2
Positive/4243.jpg,2
Positive/4244.jpg,2
Negative/4245.jpg,0
Negative/4246.jpg,0
Positive/4247.jpg,2
Positive/4248.jpg,2
Neutral/4249.jpg,1
Neutral/425.jpg,1
Neutral/4250.jpg,1
Positive/4251.jpg,2
Positive/4252.jpg,2
Negative/4253.jpg,0
Negative/4254.jpg,0
Neutral/4255.jpg,1
Negative/4256.jpg,0
Negative/4257.jpg,0
Neutral/4258.jpg,1
Positive/4259.jpg,2
Neutral/426.jpg,1
Neutral/4260.jpg,1
Negative/4261.jpg,0
Neutral/4262.jpg,1
Neutral/4263.jpg,1
Neutral/4264.jpg,1
Negative/4265.jpg,0
Neutral/4266.jpg,1
Positive/4267.jpg,2
Negative/4268.jpg,0
Negative/4269.jpg,0
Positive/427.jpg,2
Positive/4270.jpg,2
Negative/4271.jpg,0
Neutral/4272.jpg,1
Negative/4273.jpg,0
Negative/4274.jpg,0
Neutral/4275.jpg,1
Positive/4276.jpg,2
Neutral/4277.jpg,1
Positive/4278.jpg,2
Neutral/4279.jpg,1
Neutral/428.jpg,1
Positive/4280.jpg,2
Positive/4281.jpg,2
Neutral/4282.jpg,1
Positive/4283.jpg,2
Neutral/4284.jpg,1
Neutral/4285.jpg,1
Neutral/4286.jpg,1
Positive/4287.jpg,2
Neutral/4288.jpg,1
Negative/4289.jpg,0
Positive/429.jpg,2
Neutral/4290.jpg,1
Neutral/4291.jpg,1
Neutral/4292.jpg,1
Neutral/4293.jpg,1
Negative/4294.jpg,0
Neutral/4295.jpg,1
Neutral/4296.jpg,1
Negative/4297.jpg,0
Negative/4298.jpg,0
Positive/4299.jpg,2
Negative/43.jpg,0
Neutral/430.jpg,1
Neutral/4300.jpg,1
Neutral/4301.jpg,1
Neutral/4302.jpg,1
Neutral/4303.jpg,1
Neutral/4304.jpg,1
Neutral/4305.jpg,1
Positive/4306.jpg,2
Neutral/4307.jpg,1
Negative/4308.jpg,0
Positive/4309.jpg,2
Negative/431.jpg,0
Positive/4310.jpg,2
Positive/4311.jpg,2
Positive/4312.jpg,2
Positive/4313.jpg,2
Positive/4314.jpg,2
Positive/4315.jpg,2
Positive/4316.jpg,2
Positive/4317.jpg,2
Positive/4318.jpg,2
Positive/4319.jpg,2
Positive/432.jpg,2
Positive/4320.jpg,2
Positive/4321.jpg,2
Positive/4322.jpg,2
Positive/4323.jpg,2
Positive/4324.jpg,2
Neutral/4325.jpg,1
Positive/4326.jpg,2
Positive/4327.jpg,2
Positive/4328.jpg,2
Positive/4329.jpg,2
Neutral/433.jpg,1
Neutral/4330.jpg,1
Neutral/4331.jpg,1
Negative/4332.jpg,0
Neutral/4333.jpg,1
Positive/4334.jpg,2
Neutral/4335.jpg,1
Neutral/4336.jpg,1
Neutral/4337.jpg,1
Neutral/4338.jpg,1
Neutral/4339.jpg,1
Positive/434.jpg,2
Neutral/4340.jpg,1
Neutral/4341.jpg,1
Negative/4342.jpg,0
Negative/4343.jpg,0
Negative/4344.jpg,0
Positive/4345.jpg,2
Positive/4346.jpg,2
Neutral/4347.jpg,1
Negative/4348.jpg,0
Neutral/4349.jpg,1
Neutral/435.jpg,1
Neutral/4350.jpg,1
Negative/4351.jpg,0
Negative/4352.jpg,0
Positive/4353.jpg,2
Neutral/4354.jpg,1
Negative/4355.jpg,0
Neutral/4356.jpg,1
Neutral/4357.jpg,1
Positive/4358.jpg,2
Neutral/4359.jpg,1
Positive/436.jpg,2
Negative/4360.jpg,0
Negative/4361.jpg,0
Negative/4362.jpg,0
Negative/4363.jpg,0
Negative/4364.jpg,0
Negative/4365.jpg,0
Negative/4366.jpg,0
Negative/4367.jpg,0
Neutral/4368.jpg,1
Negative/4369.jpg,0
Neutral/437.jpg,1
Negative/4370.jpg,0
Negative/4371.jpg,0
Neutral/4372.jpg,1
Neutral/4373.jpg,1
Negative/4374.jpg,0
Negative/4375.jpg,0
Negative/4376.jpg,0
Negative/4377.jpg,0
Neutral/4378.jpg,1
Negative/4379.jpg,0
Positive/438.jpg,2
Negative/4380.jpg,0
Negative/4381.jpg,0
Negative/4382.jpg,0
Negative/4383.jpg,0
Negative/4384.jpg,0
Negative/4385.jpg,0
Negative/4386.jpg,0
Negative/4387.jpg,0
Negative/4388.jpg,0
Positive/4389.jpg,2
Neutral/439.jpg,1
Neutral/4390.jpg,1
Neutral/4391.jpg,1
Neutral/4392.jpg,1
Neutral/4393.jpg,1
Negative/4394.jpg,0
Neutral/4395.jpg,1
Negative/4396.jpg,0
Negative/4397.jpg,0
Negative/4398.jpg,0
Negative/4399.jpg,0
Negative/44.jpg,0
Negative/440.jpg,0
Negative/4400.jpg,0
Negative/4401.jpg,0
Negative/4402.jpg,0
Negative/4403.jpg,0
Neutral/4404.jpg,1
Positive/4405.jpg,2
Positive/4406.jpg,2
Neutral/4407.jpg,1
Positive/4408.jpg,2
Positive/4409.jpg,2
Neutral/441.jpg,1
Positive/4410.jpg,2
Positive/4411.jpg,2
Positive/4412.jpg,2
Negative/4413.jpg,0
Neutral/4414.jpg,1
Negative/4415.jpg,0
Neutral/4416.jpg,1
Neutral/4417.jpg,1
Negative/4418.jpg,0
Negative/4419.jpg,0
Negative/442.jpg,0
Neutral/4420.jpg,1
Positive/4421.jpg,2
Neutral/4422.jpg,1
Negative/4423.jpg,0
Neutral/4424.jpg,1
Neutral/4425.jpg,1
Neutral/4426.jpg,1
Neutral/4427.jpg,1
Negative/4428.jpg,0
Neutral/4429.jpg,1
Neutral/443.jpg,1
Negative/4430.jpg,0
Negative/4431.jpg,0
Negative/4432.jpg,0
Neutral/4433.jpg,1
Neutral/4434.jpg,1
Negative/4435.jpg,0
Negative/4436.jpg,0
Negative/4437.jpg,0
Negative/4438.jpg,0
Neutral/4439.jpg,1
Positive/444.jpg,2
Negative/4440.jpg,0
Neutral/4441.jpg,1
Neutral/4442.jpg,1
Negative/4443.jpg,0
Positive/4444.jpg,2
Negative/4445.jpg,0
Negative/4446.jpg,0
Positive/4447.jpg,2
Negative/4448.jpg,0
Negative/4449.jpg,0
Positive/445.jpg,2
Neutral/4450.jpg,1
Negative/4451.jpg,0
Negative/4452.jpg,0
Positive/4453.jpg,2
Neutral/4454.jpg,1
Negative/4455.jpg,0
Negative/4456.jpg,0
Negative/4457.jpg,0
Negative/4458.jpg,0
Neutral/4459.jpg,1
Negative/446.jpg,0
Negative/4460.jpg,0
Negative/4461.jpg,0
Neutral/4462.jpg,1
Neutral/4463.jpg,1
Negative/4464.jpg,0
Negative/4465.jpg,0
Positive/4466.jpg,2
Negative/4467.jpg,0
Negative/4468.jpg,0
Negative/4469.jpg,0
Positive/447.jpg,2
Neutral/4470.jpg,1
Negative/4471.jpg,0
Negative/4472.jpg,0
Negative/4473.jpg,0
Negative/4474.jpg,0
Neutral/4475.jpg,1
Negative/4476.jpg,0
Neutral/4477.jpg,1
Negative/4478.jpg,0
Neutral/4479.jpg,1
Neutral/448.jpg,1
Negative/4480.jpg,0
Negative/4481.jpg,0
Neutral/4482.jpg,1
Neutral/4483.jpg,1
Neutral/4484.jpg,1
Negative/4485.jpg,0
Negative/4486.jpg,0
Neutral/4487.jpg,1
Neutral/4488.jpg,1
Positive/4489.jpg,2
Neutral/449.jpg,1
Neutral/4490.jpg,1
Neutral/4491.jpg,1
Positive/4492.jpg,2
Positive/4493.jpg,2
Neutral/4494.jpg,1
Neutral/4495.jpg,1
Neutral/4496.jpg,1
Neutral/4497.jpg,1
Neutral/4498.jpg,1
Neutral/4499.jpg,1
Neutral/45.jpg,1
Negative/450.jpg,0
Positive/4500.jpg,2
Positive/4501.jpg,2
Neutral/4502.jpg,1
Positive/4503.jpg,2
Neutral/4504.jpg,1
Positive/4505.jpg,2
Positive/4506.jpg,2
Neutral/4507.jpg,1
Positive/4508.jpg,2
Positive/4509.jpg,2
Negative/451.jpg,0
Positive/4510.jpg,2
Positive/4511.jpg,2
Positive/4512.jpg,2
Positive/4513.jpg,2
Neutral/4514.jpg,1
Positive/4515.jpg,2
Negative/4516.jpg,0
Neutral/4517.jpg,1
Positive/4518.jpg,2
Negative/4519.jpg,0
Positive/452.jpg,2
Neutral/4520.jpg,1
Positive/4521.jpg,2
Negative/4522.jpg,0
Negative/4523.jpg,0
Positive/4524.jpg,2
Neutral/4525.jpg,1
Neutral/4526.jpg,1
Positive/4527.jpg,2
Neutral/4528.jpg,1
Neutral/4529.jpg,1
Negative/453.jpg,0
Neutral/4530.jpg,1
Positive/4531.jpg,2
Negative/4532.jpg,0
Neutral/4533.jpg,1
Positive/4534.jpg,2
Negative/4535.jpg,0
Positive/4536.jpg,2
Neutral/4537.jpg,1
Neutral/4538.jpg,1
Neutral/4539.jpg,1
Neutral/454.jpg,1
Neutral/4540.jpg,1
Negative/4541.jpg,0
Positive/4542.jpg,2
Neutral/4543.jpg,1
Negative/4544.jpg,0
Negative/4545.jpg,0
Positive/4546.jpg,2
Positive/4547.jpg,2
Neutral/4548.jpg,1
Positive/4549.jpg,2
Neutral/455.jpg,1
Negative/4550.jpg,0
Neutral/4551.jpg,1
Positive/4552.jpg,2
Positive/4553.jpg,2
Positive/4554.jpg,2
Neutral/4555.jpg,1
Positive/4556.jpg,2
Neutral/4557.jpg,1
Neutral/4558.jpg,1
Neutral/4559.jpg,1
Positive/456.jpg,2
Neutral/4560.jpg,1
Positive/4561.jpg,2
Neutral/4562.jpg,1
Neutral/4563.jpg,1
Positive/4564.jpg,2
Positive/4565.jpg,2
Neutral/4566.jpg,1
Positive/4567.jpg,2
Neutral/4568.jpg,1
Negative/4569.jpg,0
Positive/457.jpg,2
Positive/4570.jpg,2
Negative/4571.jpg,0
Neutral/4572.jpg,1
Positive/4573.jpg,2
Positive/4574.jpg,2
Positive/4575.jpg,2
Positive/4576.jpg,2
Positive/4577.jpg,2
Positive/4578.jpg,2
Positive/4579.jpg,2
Negative/458.jpg,0
Neutral/4580.jpg,1
Positive/4581.jpg,2
Positive/4582.jpg,2
Negative/4583.jpg,0
Neutral/4584.jpg,1
Neutral/4585.jpg,1
Positive/4586.jpg,2
Neutral/4587.jpg,1
Neutral/4588.jpg,1
Neutral/4589.jpg,1
Negative/459.jpg,0
Positive/4590.jpg,2
Positive/4591.jpg,2
Neutral/4592.jpg,1
Negative/4593.jpg,0
Positive/4594.jpg,2
Positive/4595.jpg,2
Negative/4596.jpg,0
Negative/4597.jpg,0
Neutral/4598.jpg,1
Neutral/4599.jpg,1
Positive/46.jpg,2
Positive/460.jpg,2
Neutral/4600.jpg,1
Neutral/4601.jpg,1
Negative/4602.jpg,0
Neutral/4603.jpg,1
Neutral/4604.jpg,1
Neutral/4605.jpg,1
Positive/4606.jpg,2
Negative/4607.jpg,0
Positive/4608.jpg,2
Positive/4609.jpg,2
Negative/461.jpg,0
Positive/4610.jpg,2
Positive/4611.jpg,2
Neutral/4612.jpg,1
Positive/4613.jpg,2
Positive/4614.jpg,2
Positive/4615.jpg,2
Positive/4616.jpg,2
Positive/4617.jpg,2
Positive/4618.jpg,2
Neutral/4619.jpg,1
Positive/462.jpg,2
Positive/4620.jpg,2
Positive/4621.jpg,2
Negative/4622.jpg,0
Neutral/4623.jpg,1
Negative/4624.jpg,0
Neutral/4625.jpg,1
Negative/4626.jpg,0
Neutral/4627.jpg,1
Neutral/4628.jpg,1
Negative/4629.jpg,0
Positive/463.jpg,2
Negative/4630.jpg,0
Neutral/4631.jpg,1
Neutral/4632.jpg,1
Positive/4633.jpg,2
Neutral/4634.jpg,1
Neutral/4635.jpg,1
Neutral/4636.jpg,1
Neutral/4637.jpg,1
Positive/4638.jpg,2
Neutral/4639.jpg,1
Negative/464.jpg,0
Neutral/4640.jpg,1
Neutral/4641.jpg,1
Neutral/4642.jpg,1
Positive/4643.jpg,2
Positive/4644.jpg,2
Negative/4645.jpg,0
Negative/4646.jpg,0
Negative/4647.jpg,0
Neutral/4648.jpg,1
Neutral/4649.jpg,1
Positive/465.jpg,2
Neutral/4650.jpg,1
Neutral/4651.jpg,1
Negative/4652.jpg,0
Neutral/4653.jpg,1
Negative/4654.jpg,0
Neutral/4655.jpg,1
Neutral/4656.jpg,1
Neutral/4657.jpg,1
Negative/4658.jpg,0
Negative/4659.jpg,0
Positive/466.jpg,2
Neutral/4660.jpg,1
Positive/4661.jpg,2
Positive/4662.jpg,2
Positive/4663.jpg,2
Positive/4664.jpg,2
Neutral/4665.jpg,1
Neutral/4666.jpg,1
Neutral/4667.jpg,1
Neutral/4668.jpg,1
Positive/4669.jpg,2
Positive/467.jpg,2
Neutral/4670.jpg,1
Neutral/4671.jpg,1
Neutral/4672.jpg,1
Negative/4673.jpg,0
Neutral/4674.jpg,1
Neutral/4675.jpg,1
Positive/4676.jpg,2
Positive/4677.jpg,2
Positive/4678.jpg,2
Neutral/4679.jpg,1
Positive/468.jpg,2
Neutral/4680.jpg,1
Neutral/4681.jpg,1
Positive/4682.jpg,2
Neutral/4683.jpg,1
Negative/4684.jpg,0
Negative/4685.jpg,0
Negative/4686.jpg,0
Neutral/4687.jpg,1
Negative/4688.jpg,0
Neutral/4689.jpg,1
Neutral/469.jpg,1
Neutral/4690.jpg,1
Neutral/4691.jpg,1
Neutral/4692.jpg,1
Neutral/4693.jpg,1
Neutral/4694.jpg,1
Negative/4695.jpg,0
Neutral/4696.jpg,1
Neutral/4697.jpg,1
Neutral/4698.jpg,1
Negative/4699.jpg,0
Neutral/47.jpg,1
Positive/470.jpg,2
Negative/4700.jpg,0
Neutral/4701.jpg,1
Neutral/4702.jpg,1
Neutral/4703.jpg,1
Negative/4704.jpg,0
Negative/4705.jpg,0
Positive/4706.jpg,2
Neutral/4707.jpg,1
Negative/4708.jpg,0
Neutral/4709.jpg,1
Positive/471.jpg,2
Negative/4710.jpg,0
Positive/4711.jpg,2
Negative/4712.jpg,0
Negative/4713.jpg,0
Negative/4714.jpg,0
Neutral/4715.jpg,1
Neutral/4716.jpg,1
Negative/4717.jpg,0
Negative/4718.jpg,0
Neutral/4719.jpg,1
Positive/472.jpg,2
Positive/4720.jpg,2
Neutral/4721.jpg,1
Neutral/4722.jpg,1
Neutral/4723.jpg,1
Positive/4724.jpg,2
Neutral/4725.jpg,1
Neutral/4726.jpg,1
Neutral/4727.jpg,1
Neutral/4728.jpg,1
Neutral/4729.jpg,1
Neutral/473.jpg,1
Positive/4730.jpg,2
Positive/4731.jpg,2
Positive/4732.jpg,2
Positive/4733.jpg,2
Neutral/4734.jpg,1
Negative/4735.jpg,0
Neutral/4736.jpg,1
Neutral/4737.jpg,1
Negative/4738.jpg,0
Negative/4739.jpg,0
Positive/474.jpg,2
Neutral/4740.jpg,1
Negative/4741.jpg,0
Neutral/4742.jpg,1
Neutral/4743.jpg,1
Negative/4744.jpg,0
Negative/4745.jpg,0
Negative/4746.jpg,0
Positive/4747.jpg,2
Negative/4748.jpg,0
Negative/4749.jpg,0
Positive/475.jpg,2
Negative/4750.jpg,0
Neutral/4751.jpg,1
Neutral/4752.jpg,1
Negative/4753.jpg,0
Neutral/4754.jpg,1
Neutral/4755.jpg,1
Negative/4756.jpg,0
Neutral/4757.jpg,1
Neutral/4758.jpg,1
Negative/4759.jpg,0
Positive/476.jpg,2
Neutral/4760.jpg,1
Neutral/4761.jpg,1
Negative/4762.jpg,0
Negative/4763.jpg,0
Neutral/4764.jpg,1
Positive/4765.jpg,2
Neutral/4766.jpg,1
Positive/4767.jpg,2
Positive/4768.jpg,2
Neutral/4769.jpg,1
Positive/477.jpg,2
Positive/4770.jpg,2
Positive/4771.jpg,2
Positive/4772.jpg,2
Positive/4773.jpg,2
Positive/4774.jpg,2
Positive/4775.jpg,2
Positive/4776.jpg,2
Positive/4777.jpg,2
Positive/4778.jpg,2
Positive/4779.jpg,2
Positive/478.jpg,2
Positive/4780.jpg,2
Positive/4781.jpg,2
Positive/4782.jpg,2
Positive/4783.jpg,2
Neutral/4784.jpg,1
Positive/4785.jpg,2
Positive/4786.jpg,2
Positive/4787.jpg,2
Positive/4788.jpg,2
Positive/4789.jpg,2
Negative/479.jpg,0
Neutral/4790.jpg,1
Neutral/4791.jpg,1
Negative/4792.jpg,0
Positive/4793.jpg,2
Positive/4794.jpg,2
Neutral/4795.jpg,1
Neutral/4796.jpg,1
Negative/4797.jpg,0
Positive/4798.jpg,2
Neutral/4799.jpg,1
Neutral/48.jpg,1
Negative/480.jpg,0
Neutral/4800.jpg,1
Neutral/4801.jpg,1
Positive/4802.jpg,2
Positive/4803.jpg,2
Negative/4804.jpg,0
Neutral/4805.jpg,1
Neutral/4806.jpg,1
Neutral/4807.jpg,1
Neutral/4808.jpg,1
Neutral/4809.jpg,1
Neutral/481.jpg,1
Positive/4810.jpg,2
Negative/4811.jpg,0
Neutral/4812.jpg,1
Neutral/4813.jpg,1
Neutral/4814.jpg,1
Neutral/4815.jpg,1
Negative/4816.jpg,0
Negative/4817.jpg,0
Negative/4818.jpg,0
Neutral/4819.jpg,1
Positive/482.jpg,2
Negative/4820.jpg,0
Neutral/4821.jpg,1
Neutral/4822.jpg,1
Neutral/4823.jpg,1
Positive/4824.jpg,2
Negative/4825.jpg,0
Negative/4826.jpg,0
Neutral/4827.jpg,1
Neutral/4828.jpg,1
Negative/4829.jpg,0
Neutral/483.jpg,1
Neutral/4830.jpg,1
Neutral/4831.jpg,1
Neutral/4832.jpg,1
Neutral/4833.jpg,1
Negative/4834.jpg,0
Negative/4835.jpg,0
Neutral/4836.jpg,1
Neutral/4837.jpg,1
Negative/4838.jpg,0
Negative/4839.jpg,0
Neutral/484.jpg,1
Negative/4840.jpg,0
Negative/4841.jpg,0
Negative/4842.jpg,0
Negative/4843.jpg,0
Neutral/4844.jpg,1
Negative/4845.jpg,0
Negative/4846.jpg,0
Negative/4847.jpg,0
Negative/4848.jpg,0
Neutral/4849.jpg,1
Neutral/485.jpg,1
Negative/4850.jpg,0
Neutral/4851.jpg,1
Neutral/4852.jpg,1
Neutral/4853.jpg,1
Neutral/4854.jpg,1
Negative/4855.jpg,0
Negative/4856.jpg,0
Neutral/4857.jpg,1
Negative/4858.jpg,0
Positive/4859.jpg,2
Neutral/486.jpg,1
Neutral/4860.jpg,1
Neutral/4861.jpg,1
Neutral/4862.jpg,1
Neutral/4863.jpg,1
Neutral/4864.jpg,1
Positive/4865.jpg,2
Positive/4866.jpg,2
Positive/4867.jpg,2
Neutral/4868.jpg,1
Neutral/4869.jpg,1
Negative/487.jpg,0
Neutral/4870.jpg,1
Neutral/4871.jpg,1
Neutral/4872.jpg,1
Neutral/4873.jpg,1
Positive/4874.jpg,2
Neutral/4875.jpg,1
Positive/4876.jpg,2
Positive/4877.jpg,2
Neutral/4878.jpg,1
Positive/4879.jpg,2
Positive/488.jpg,2
Neutral/4880.jpg,1
Neutral/4881.jpg,1
Neutral/4882.jpg,1
Neutral/4883.jpg,1
Neutral/4884.jpg,1
Negative/4885.jpg,0
Neutral/4886.jpg,1
Neutral/4887.jpg,1
Neutral/4888.jpg,1
Neutral/4889.jpg,1
Negative/489.jpg,0
Negative/4890.jpg,0
Positive/4891.jpg,2
Positive/4892.jpg,2
Neutral/4893.jpg,1
Positive/4894.jpg,2
Positive/4895.jpg,2
Positive/4896.jpg,2
Positive/4897.jpg,2
Neutral/4898.jpg,1
Positive/4899.jpg,2
Neutral/49.jpg,1
Positive/490.jpg,2
Neutral/4900.jpg,1
Negative/4901.jpg,0
Neutral/4902.jpg,1
Negative/4903.jpg,0
Neutral/4904.jpg,1
Negative/4905.jpg,0
Neutral/4906.jpg,1
Negative/4907.jpg,0
Neutral/4908.jpg,1
Neutral/4909.jpg,1
Positive/491.jpg,2
Negative/4910.jpg,0
Neutral/4911.jpg,1
Neutral/4912.jpg,1
Neutral/4913.jpg,1
Positive/4914.jpg,2
Negative/4915.jpg,0
Neutral/4916.jpg,1
Neutral/4917.jpg,1
Neutral/4918.jpg,1
Negative/4919.jpg,0
Positive/492.jpg,2
Negative/4920.jpg,0
Neutral/4921.jpg,1
Negative/4922.jpg,0
Positive/4923.jpg,2
Positive/4924.jpg,2
Negative/4925.jpg,0
Neutral/4926.jpg,1
Positive/4927.jpg,2
Positive/4928.jpg,2
Neutral/4929.jpg,1
Positive/493.jpg,2
Neutral/4930.jpg,1
Positive/4931.jpg,2
Positive/4932.jpg,2
Neutral/4933.jpg,1
Neutral/4934.jpg,1
Neutral/4935.jpg,1
Neutral/4936.jpg,1
Neutral/4937.jpg,1
Neutral/4938.jpg,1
Neutral/4939.jpg,1
Positive/494.jpg,2
Neutral/4940.jpg,1
Positive/4941.jpg,2
Neutral/4942.jpg,1
Neutral/4943.jpg,1
Negative/4944.jpg,0
Neutral/4945.jpg,1
Neutral/4946.jpg,1
Positive/4947.jpg,2
Neutral/4948.jpg,1
Positive/4949.jpg,2
Positive/495.jpg,2
Positive/4950.jpg,2
Positive/4951.jpg,2
Positive/4952.jpg,2
Neutral/4953.jpg,1
Neutral/4954.jpg,1
Neutral/4955.jpg,1
Positive/4956.jpg,2
Neutral/4957.jpg,1
Neutral/4958.jpg,1
Neutral/4959.jpg,1
Positive/496.jpg,2
Neutral/4960.jpg,1
Neutral/4961.jpg,1
Neutral/4962.jpg,1
Neutral/4963.jpg,1
Neutral/4964.jpg,1
Neutral/4965.jpg,1
Neutral/4966.jpg,1
Neutral/4967.jpg,1
Neutral/4968.jpg,1
Neutral/4969.jpg,1
Positive/497.jpg,2
Neutral/4970.jpg,1
Neutral/4971.jpg,1
Neutral/4972.jpg,1
Neutral/4973.jpg,1
Neutral/4974.jpg,1
Neutral/4975.jpg,1
Neutral/4976.jpg,1
Negative/4977.jpg,0
Negative/4978.jpg,0
Neutral/4979.jpg,1
Positive/498.jpg,2
Neutral/4980.jpg,1
Negative/4981.jpg,0
Neutral/4982.jpg,1
Negative/4983.jpg,0
Negative/4984.jpg,0
Negative/4985.jpg,0
Negative/4986.jpg,0
Neutral/4987.jpg,1
Neutral/4988.jpg,1
Negative/4989.jpg,0
Positive/499.jpg,2
Neutral/4990.jpg,1
Positive/4991.jpg,2
Positive/4992.jpg,2
Neutral/4993.jpg,1
Neutral/4994.jpg,1
Positive/4995.jpg,2
Neutral/4996.jpg,1
Positive/4997.jpg,2
Positive/4998.jpg,2
Positive/4999.jpg,2
Positive/5.jpg,2
Positive/50.jpg,2
Positive/500.jpg,2
Neutral/5000.jpg,1
Negative/5001.jpg,0
Negative/5002.jpg,0
Neutral/5003.jpg,1
Negative/5004.jpg,0
Negative/5005.jpg,0
Positive/5006.jpg,2
Positive/5007.jpg,2
Positive/5008.jpg,2
Positive/5009.jpg,2
Positive/501.jpg,2
Positive/5010.jpg,2
Positive/5011.jpg,2
Neutral/5012.jpg,1
Positive/5013.jpg,2
Negative/5014.jpg,0
Positive/5015.jpg,2
Positive/5016.jpg,2
Positive/5017.jpg,2
Neutral/5018.jpg,1
Negative/5019.jpg,0
Negative/502.jpg,0
Neutral/5020.jpg,1
Neutral/5021.jpg,1
Neutral/5022.jpg,1
Positive/5023.jpg,2
Neutral/5024.jpg,1
Neutral/5025.jpg,1
Neutral/5026.jpg,1
Neutral/5027.jpg,1
Neutral/5028.jpg,1
Negative/5029.jpg,0
Negative/503.jpg,0
Positive/5030.jpg,2
Positive/5031.jpg,2
Positive/5032.jpg,2
Positive/5033.jpg,2
Positive/5034.jpg,2
Positive/5035.jpg,2
Positive/5036.jpg,2
Neutral/5037.jpg,1
Positive/5038.jpg,2
Neutral/5039.jpg,1
Negative/504.jpg,0
Positive/5040.jpg,2
Negative/5041.jpg,0
Neutral/5042.jpg,1
Negative/5043.jpg,0
Neutral/5044.jpg,1
Neutral/5045.jpg,1
Negative/5046.jpg,0
Negative/5047.jpg,0
Negative/5048.jpg,0
Neutral/5049.jpg,1
Neutral/505.jpg,1
Negative/5050.jpg,0
Negative/5051.jpg,0
Negative/5052.jpg,0
Negative/5053.jpg,0
Positive/5054.jpg,2
Neutral/5055.jpg,1
Positive/5056.jpg,2
Negative/5057.jpg,0
Neutral/5058.jpg,1
Neutral/5059.jpg,1
Negative/506.jpg,0
Positive/5060.jpg,2
Neutral/5061.jpg,1
Neutral/5062.jpg,1
Neutral/5063.jpg,1
Neutral/5064.jpg,1
Positive/5065.jpg,2
Neutral/5066.jpg,1
Neutral/5067.jpg,1
Positive/5068.jpg,2
Positive/5069.jpg,2
Positive/507.jpg,2
Negative/5070.jpg,0
Neutral/5071.jpg,1
Positive/5072.jpg,2
Negative/5073.jpg,0
Positive/5074.jpg,2
Negative/5075.jpg,0
Positive/5076.jpg,2
Negative/5077.jpg,0
Neutral/5078.jpg,1
Neutral/5079.jpg,1
Negative/508.jpg,0
Neutral/5080.jpg,1
Negative/5081.jpg,0
Negative/5082.jpg,0
Neutral/5083.jpg,1
Negative/5084.jpg,0
Neutral/5085.jpg,1
Negative/5086.jpg,0
Neutral/5087.jpg,1
Neutral/5088.jpg,1
Neutral/5089.jpg,1
Negative/509.jpg,0
Negative/5090.jpg,0
Neutral/5091.jpg,1
Neutral/5092.jpg,1
Neutral/5093.jpg,1
Negative/5094.jpg,0
Neutral/5095.jpg,1
Positive/5096.jpg,2
Neutral/5097.jpg,1
Negative/5098.jpg,0
Neutral/5099.jpg,1
Neutral/51.jpg,1
Neutral/510.jpg,1
Neutral/5100.jpg,1
Neutral/5101.jpg,1
Negative/5102.jpg,0
Negative/5103.jpg,0
Negative/5104.jpg,0
Neutral/5105.jpg,1
Neutral/5106.jpg,1
Negative/5107.jpg,0
Negative/5108.jpg,0
Neutral/5109.jpg,1
Negative/511.jpg,0
Neutral/5110.jpg,1
Neutral/5111.jpg,1
Negative/5112.jpg,0
Neutral/5113.jpg,1
Negative/5114.jpg,0
Neutral/5115.jpg,1
Neutral/5116.jpg,1
Negative/5117.jpg,0
Positive/5118.jpg,2
Negative/5119.jpg,0
Negative/512.jpg,0
Negative/5120.jpg,0
Neutral/5121.jpg,1
Negative/5122.jpg,0
Neutral/5123.jpg,1
Neutral/5124.jpg,1
Neutral/5125.jpg,1
Negative/5126.jpg,0
Positive/5127.jpg,2
Neutral/5128.jpg,1
Negative/5129.jpg,0
Neutral/513.jpg,1
Neutral/514.jpg,1
Negative/515.jpg,0
Negative/516.jpg,0
Positive/517.jpg,2
Positive/518.jpg,2
Positive/519.jpg,2
Positive/52.jpg,2
Negative/520.jpg,0
Positive/521.jpg,2
Negative/522.jpg,0
Negative/523.jpg,0
Positive/524.jpg,2
Negative/525.jpg,0
Neutral/526.jpg,1
Neutral/527.jpg,1
Neutral/528.jpg,1
Negative/529.jpg,0
Neutral/53.jpg,1
Negative/530.jpg,0
Positive/531.jpg,2
Neutral/532.jpg,1
Neutral/533.jpg,1
Negative/534.jpg,0
Negative/535.jpg,0
Negative/536.jpg,0
Positive/537.jpg,2
Negative/538.jpg,0
Negative/539.jpg,0
Positive/54.jpg,2
Neutral/540.jpg,1
Positive/541.jpg,2
Negative/542.jpg,0
Positive/543.jpg,2
Negative/544.jpg,0
Neutral/545.jpg,1
Positive/546.jpg,2
Positive/547.jpg,2
Negative/548.jpg,0
Negative/549.jpg,0
Neutral/55.jpg,1
Neutral/550.jpg,1
Positive/551.jpg,2
Negative/552.jpg,0
Positive/553.jpg,2
Negative/554.jpg,0
Neutral/555.jpg,1
Negative/556.jpg,0
Positive/557.jpg,2
Positive/558.jpg,2
Negative/559.jpg,0
Negative/56.jpg,0
Neutral/560.jpg,1
Neutral/561.jpg,1
Positive/562.jpg,2
Positive/563.jpg,2
Positive/564.jpg,2
Positive/565.jpg,2
Neutral/566.jpg,1
Negative/567.jpg,0
Negative/568.jpg,0
Negative/569.jpg,0
Positive/57.jpg,2
Neutral/570.jpg,1
Negative/571.jpg,0
Positive/572.jpg,2
Positive/573.jpg,2
Neutral/574.jpg,1
Neutral/575.jpg,1
Positive/576.jpg,2
Neutral/577.jpg,1
Neutral/578.jpg,1
Negative/579.jpg,0
Positive/58.jpg,2
Neutral/580.jpg,1
Neutral/581.jpg,1
Neutral/582.jpg,1
Positive/583.jpg,2
Positive/584.jpg,2
Positive/585.jpg,2
Neutral/586.jpg,1
Neutral/587.jpg,1
Neutral/588.jpg,1
Negative/589.jpg,0
Neutral/59.jpg,1
Neutral/590.jpg,1
Neutral/591.jpg,1
Neutral/592.jpg,1
Neutral/593.jpg,1
Neutral/594.jpg,1
Positive/595.jpg,2
Negative/596.jpg,0
Negative/597.jpg,0
Neutral/598.jpg,1
Negative/599.jpg,0
Positive/6.jpg,2
Positive/60.jpg,2
Neutral/600.jpg,1
Positive/601.jpg,2
Neutral/602.jpg,1
Negative/603.jpg,0
Neutral/604.jpg,1
Neutral/605.jpg,1
Neutral/606.jpg,1
Neutral/607.jpg,1
Negative/608.jpg,0
Neutral/609.jpg,1
Neutral/61.jpg,1
Negative/610.jpg,0
Positive/611.jpg,2
Positive/612.jpg,2
Neutral/613.jpg,1
Neutral/614.jpg,1
Positive/615.jpg,2
Positive/616.jpg,2
Neutral/617.jpg,1
Negative/618.jpg,0
Neutral/619.jpg,1
Neutral/62.jpg,1
Negative/620.jpg,0
Neutral/621.jpg,1
Neutral/622.jpg,1
Positive/623.jpg,2
Positive/624.jpg,2
Neutral/625.jpg,1
Negative/626.jpg,0
Negative/627.jpg,0
Neutral/628.jpg,1
Positive/629.jpg,2
Positive/63.jpg,2
Positive/630.jpg,2
Neutral/631.jpg,1
Negative/632.jpg,0
Neutral/633.jpg,1
Neutral/634.jpg,1
Positive/635.jpg,2
Neutral/636.jpg,1
Neutral/637.jpg,1
Negative/638.jpg,0
Neutral/639.jpg,1
Negative/64.jpg,0
Neutral/640.jpg,1
Neutral/641.jpg,1
Positive/642.jpg,2
Positive/643.jpg,2
Positive/644.jpg,2
Positive/645.jpg,2
Negative/646.jpg,0
Positive/647.jpg,2
Positive/648.jpg,2
Positive/649.jpg,2
Positive/65.jpg,2
Negative/650.jpg,0
Positive/651.jpg,2
Positive/652.jpg,2
Neutral/653.jpg,1
Positive/654.jpg,2
Negative/655.jpg,0
Negative/656.jpg,0
Neutral/657.jpg,1
Positive/658.jpg,2
Negative/659.jpg,0
Positive/66.jpg,2
Positive/660.jpg,2
Neutral/661.jpg,1
Negative/662.jpg,0
Neutral/663.jpg,1
Negative/664.jpg,0
Negative/665.jpg,0
Neutral/666.jpg,1
Neutral/667.jpg,1
Negative/668.jpg,0
Negative/669.jpg,0
Positive/67.jpg,2
Neutral/670.jpg,1
Negative/671.jpg,0
Negative/672.jpg,0
Neutral/673.jpg,1
Positive/674.jpg,2
Positive/675.jpg,2
Negative/676.jpg,0
Positive/677.jpg,2
Neutral/678.jpg,1
Neutral/679.jpg,1
Positive/68.jpg,2
Negative/680.jpg,0
Neutral/681.jpg,1
Positive/682.jpg,2
Positive/683.jpg,2
Positive/684.jpg,2
Neutral/685.jpg,1
Neutral/686.jpg,1
Positive/687.jpg,2
Positive/688.jpg,2
Neutral/689.jpg,1
Negative/69.jpg,0
Neutral/690.jpg,1
Positive/691.jpg,2
Neutral/692.jpg,1
Neutral/693.jpg,1
Neutral/694.jpg,1
Neutral/695.jpg,1
Negative/696.jpg,0
Negative/697.jpg,0
Positive/698.jpg,2
Neutral/699.jpg,1
Positive/7.jpg,2
Positive/70.jpg,2
Negative/700.jpg,0
Negative/701.jpg,0
Neutral/702.jpg,1
Neutral/703.jpg,1
Neutral/704.jpg,1
Positive/705.jpg,2
Positive/706.jpg,2
Positive/707.jpg,2
Positive/708.jpg,2
Positive/709.jpg,2
Negative/71.jpg,0
Positive/710.jpg,2
Positive/711.jpg,2
Positive/712.jpg,2
Positive/713.jpg,2
Positive/714.jpg,2
Positive/715.jpg,2
Positive/716.jpg,2
Positive/717.jpg,2
Negative/718.jpg,0
Neutral/719.jpg,1
Neutral/72.jpg,1
Positive/720.jpg,2
Negative/721.jpg,0
Positive/722.jpg,2
Negative/723.jpg,0
Neutral/724.jpg,1
Positive/725.jpg,2
Positive/726.jpg,2
Positive/727.jpg,2
Negative/728.jpg,0
Positive/729.jpg,2
Negative/73.jpg,0
Neutral/730.jpg,1
Neutral/731.jpg,1
Neutral/732.jpg,1
Neutral/733.jpg,1
Neutral/734.jpg,1
Neutral/735.jpg,1
Positive/736.jpg,2
Positive/737.jpg,2
Neutral/738.jpg,1
Neutral/739.jpg,1
Positive/74.jpg,2
Positive/740.jpg,2
Positive/741.jpg,2
Neutral/742.jpg,1
Positive/743.jpg,2
Neutral/744.jpg,1
Negative/745.jpg,0
Positive/746.jpg,2
Positive/747.jpg,2
Positive/748.jpg,2
Negative/749.jpg,0
Neutral/75.jpg,1
Positive/750.jpg,2
Neutral/751.jpg,1
Neutral/752.jpg,1
Negative/753.jpg,0
Neutral/754.jpg,1
Neutral/755.jpg,1
Neutral/756.jpg,1
Neutral/757.jpg,1
Negative/758.jpg,0
Neutral/759.jpg,1
Positive/76.jpg,2
Neutral/760.jpg,1
Positive/761.jpg,2
Positive/762.jpg,2
Positive/763.jpg,2
Neutral/764.jpg,1
Positive/765.jpg,2
Positive/766.jpg,2
Negative/767.jpg,0
Negative/768.jpg,0
Positive/769.jpg,2
Positive/77.jpg,2
Positive/770.jpg,2
Neutral/771.jpg,1
Negative/772.jpg,0
Positive/773.jpg,2
Neutral/774.jpg,1
Neutral/775.jpg,1
Neutral/776.jpg,1
Neutral/777.jpg,1
Negative/778.jpg,0
Neutral/779.jpg,1
Neutral/78.jpg,1
Negative/780.jpg,0
Positive/781.jpg,2
Negative/782.jpg,0
Neutral/783.jpg,1
Negative/784.jpg,0
Negative/785.jpg,0
Negative/786.jpg,0
Negative/787.jpg,0
Neutral/788.jpg,1
Positive/789.jpg,2
Positive/79.jpg,2
Neutral/790.jpg,1
Positive/791.jpg,2
Neutral/792.jpg,1
Positive/793.jpg,2
Positive/794.jpg,2
Positive/795.jpg,2
Neutral/796.jpg,1
Neutral/797.jpg,1
Neutral/798.jpg,1
Positive/799.jpg,2
Positive/8.jpg,2
Positive/80.jpg,2
Positive/800.jpg,2
Positive/801.jpg,2
Positive/802.jpg,2
Neutral/803.jpg,1
Positive/804.jpg,2
Positive/805.jpg,2
Positive/806.jpg,2
Positive/807.jpg,2
Positive/808.jpg,2
Positive/809.jpg,2
Positive/81.jpg,2
Positive/810.jpg,2
Positive/811.jpg,2
Positive/812.jpg,2
Positive/813.jpg,2
Positive/814.jpg,2
Positive/815.jpg,2
Positive/816.jpg,2
Positive/817.jpg,2
Negative/818.jpg,0
Negative/819.jpg,0
Positive/82.jpg,2
Positive/820.jpg,2
Positive/821.jpg,2
Positive/822.jpg,2
Negative/823.jpg,0
Neutral/824.jpg,1
Neutral/825.jpg,1
Negative/826.jpg,0
Positive/827.jpg,2
Neutral/828.jpg,1
Negative/829.jpg,0
Neutral/83.jpg,1
Negative/830.jpg,0
Neutral/831.jpg,1
Neutral/832.jpg,1
Neutral/833.jpg,1
Neutral/834.jpg,1
Neutral/835.jpg,1
Negative/836.jpg,0
Negative/837.jpg,0
Negative/838.jpg,0
Positive/839.jpg,2
Positive/84.jpg,2
Neutral/840.jpg,1
Neutral/841.jpg,1
Neutral/842.jpg,1
Positive/843.jpg,2
Neutral/844.jpg,1
Positive/845.jpg,2
Neutral/846.jpg,1
Neutral/847.jpg,1
Neutral/848.jpg,1
Neutral/849.jpg,1
Positive/85.jpg,2
Negative/850.jpg,0
Neutral/851.jpg,1
Neutral/852.jpg,1
Negative/853.jpg,0
Negative/854.jpg,0
Negative/855.jpg,0
Neutral/856.jpg,1
Neutral/857.jpg,1
Neutral/858.jpg,1
Negative/859.jpg,0
Positive/86.jpg,2
Negative/860.jpg,0
Negative/861.jpg,0
Neutral/862.jpg,1
Negative/863.jpg,0
Positive/864.jpg,2
Negative/865.jpg,0
Neutral/866.jpg,1
Negative/867.jpg,0
Negative/868.jpg,0
Negative/869.jpg,0
Positive/87.jpg,2
Neutral/870.jpg,1
Negative/871.jpg,0
Neutral/872.jpg,1
Negative/873.jpg,0
Neutral/874.jpg,1
Neutral/875.jpg,1
Positive/876.jpg,2
Positive/877.jpg,2
Neutral/878.jpg,1
Negative/879.jpg,0
Positive/88.jpg,2
Negative/880.jpg,0
Negative/881.jpg,0
Negative/882.jpg,0
Neutral/883.jpg,1
Negative/884.jpg,0
Neutral/885.jpg,1
Neutral/886.jpg,1
Negative/887.jpg,0
Positive/888.jpg,2
Neutral/889.jpg,1
Positive/89.jpg,2
Positive/890.jpg,2
Negative/891.jpg,0
Positive/892.jpg,2
Positive/893.jpg,2
Positive/894.jpg,2
Positive/895.jpg,2
Positive/896.jpg,2
Positive/897.jpg,2
Positive/898.jpg,2
Negative/899.jpg,0
Positive/9.jpg,2
Negative/90.jpg,0
Positive/900.jpg,2
Negative/901.jpg,0
Positive/902.jpg,2
Positive/903.jpg,2
Positive/904.jpg,2
Negative/905.jpg,0
Negative/906.jpg,0
Negative/907.jpg,0
Negative/908.jpg,0
Neutral/909.jpg,1
Positive/91.jpg,2
Negative/910.jpg,0
Negative/911.jpg,0
Positive/912.jpg,2
Positive/913.jpg,2
Positive/914.jpg,2
Positive/915.jpg,2
Neutral/916.jpg,1
Negative/917.jpg,0
Negative/918.jpg,0
Positive/919.jpg,2
Positive/92.jpg,2
Neutral/920.jpg,1
Negative/921.jpg,0
Negative/922.jpg,0
Negative/923.jpg,0
Neutral/924.jpg,1
Negative/925.jpg,0
Neutral/926.jpg,1
Negative/927.jpg,0
Negative/928.jpg,0
Negative/929.jpg,0
Neutral/93.jpg,1
Negative/930.jpg,0
Negative/931.jpg,0
Neutral/932.jpg,1
Neutral/933.jpg,1
Neutral/934.jpg,1
Negative/935.jpg,0
Positive/936.jpg,2
Neutral/937.jpg,1
Neutral/938.jpg,1
Positive/939.jpg,2
Positive/94.jpg,2
Neutral/940.jpg,1
Positive/941.jpg,2
Positive/942.jpg,2
Negative/943.jpg,0
Negative/944.jpg,0
Neutral/945.jpg,1
Neutral/946.jpg,1
Neutral/947.jpg,1
Neutral/948.jpg,1
Neutral/949.jpg,1
Positive/95.jpg,2
Positive/950.jpg,2
Negative/951.jpg,0
Negative/952.jpg,0
Neutral/953.jpg,1
Neutral/954.jpg,1
Neutral/955.jpg,1
Neutral/956.jpg,1
Negative/957.jpg,0
Positive/958.jpg,2
Neutral/959.jpg,1
Positive/96.jpg,2
Positive/960.jpg,2
Positive/961.jpg,2
Negative/962.jpg,0
Neutral/963.jpg,1
Neutral/964.jpg,1
Negative/965.jpg,0
Positive/966.jpg,2
Positive/967.jpg,2
Positive/968.jpg,2
Positive/969.jpg,2
Positive/97.jpg,2
Neutral/970.jpg,1
Positive/971.jpg,2
Negative/972.jpg,0
Positive/973.jpg,2
Positive/974.jpg,2
Positive/975.jpg,2
Positive/976.jpg,2
Positive/977.jpg,2
Positive/978.jpg,2
Negative/979.jpg,0
Positive/98.jpg,2
Positive/980.jpg,2
Neutral/981.jpg,1
Positive/982.jpg,2
Positive/983.jpg,2
Positive/984.jpg,2
Positive/985.jpg,2
Positive/986.jpg,2
Positive/987.jpg,2
Positive/988.jpg,2
Positive/989.jpg,2
Positive/99.jpg,2
Neutral/990.jpg,1
Neutral/991.jpg,1
Negative/992.jpg,0
Negative/993.jpg,0
Negative/994.jpg,0
Positive/995.jpg,2
Positive/996.jpg,2
Neutral/997.jpg,1
Neutral/998.jpg,1
Positive/999.jpg,2
